production_week,plant_id,plant_state,sku_id,production_line,planned_qty,uom
2026-W15,Henderson,NV,SKU0001,H2,33845,CASE
2026-W17,Henderson,NV,SKU0001,H2,33377,CASE
2026-W19,Henderson,NV,SKU0001,H2,31706,CASE
2026-W21,Henderson,NV,SKU0001,H2,24948,CASE
2026-W23,Henderson,NV,SKU0001,H2,38687,CASE
2026-W25,Henderson,NV,SKU0001,H2,35211,CASE
2026-W15,LHV,PA,SKU0002,L3,57238,CASE
2026-W17,LHV,PA,SKU0002,L3,64779,CASE
2026-W19,LHV,PA,SKU0002,L3,69075,CASE
2026-W21,LHV,PA,SKU0002,L3,54468,CASE
2026-W23,LHV,PA,SKU0002,L3,56679,CASE
2026-W25,LHV,PA,SKU0002,L3,65266,CASE
2026-W15,LHV,PA,SKU0003,L3,86501,CASE
2026-W16,LHV,PA,SKU0003,L3,92070,CASE
2026-W17,LHV,PA,SKU0003,L3,90635,CASE
2026-W18,LHV,PA,SKU0003,L3,83569,CASE
2026-W19,LHV,PA,SKU0003,L3,85387,CASE
2026-W20,LHV,PA,SKU0003,L3,94650,CASE
2026-W21,LHV,PA,SKU0003,L3,87899,CASE
2026-W22,LHV,PA,SKU0003,L3,85608,CASE
2026-W23,LHV,PA,SKU0003,L3,96066,CASE
2026-W24,LHV,PA,SKU0003,L3,81892,CASE
2026-W25,LHV,PA,SKU0003,L3,81430,CASE
2026-W26,LHV,PA,SKU0003,L3,87144,CASE
2026-W15,Henderson,NV,SKU0004,H1,33557,CASE
2026-W17,Henderson,NV,SKU0004,H1,25289,CASE
2026-W19,Henderson,NV,SKU0004,H1,51119,CASE
2026-W21,Henderson,NV,SKU0004,H1,57660,CASE
2026-W23,Henderson,NV,SKU0004,H1,49472,CASE
2026-W25,Henderson,NV,SKU0004,H1,50967,CASE
2026-W15,Henderson,NV,SKU0005,H2,28174,CASE
2026-W19,Henderson,NV,SKU0005,H2,30542,CASE
2026-W23,Henderson,NV,SKU0005,H2,29454,CASE
2026-W17,Sulphur,TX,SKU0006,S3,15059,CASE
2026-W21,Sulphur,TX,SKU0006,S3,32696,CASE
2026-W25,Sulphur,TX,SKU0006,S3,35335,CASE
2026-W16,Henderson,NV,SKU0007,H3,24384,CASE
2026-W20,Henderson,NV,SKU0007,H3,59121,CASE
2026-W24,Henderson,NV,SKU0007,H3,63942,CASE
2026-W21,LHV,PA,SKU0008,L3,41452,CASE
2026-W25,LHV,PA,SKU0008,L3,40237,CASE
2026-W20,Henderson,NV,SKU0009,H3,23104,CASE
2026-W24,Henderson,NV,SKU0009,H3,24162,CASE
2026-W15,LHV,PA,SKU0010,L3,48644,CASE
2026-W17,LHV,PA,SKU0010,L3,54024,CASE
2026-W19,LHV,PA,SKU0010,L3,59485,CASE
2026-W21,LHV,PA,SKU0010,L3,54684,CASE
2026-W23,LHV,PA,SKU0010,L3,51795,CASE
2026-W25,LHV,PA,SKU0010,L3,66331,CASE
2026-W15,LHV,PA,SKU0011,L1,79413,CASE
2026-W17,LHV,PA,SKU0011,L1,80097,CASE
2026-W19,LHV,PA,SKU0011,L1,84519,CASE
2026-W21,LHV,PA,SKU0011,L1,70027,CASE
2026-W23,LHV,PA,SKU0011,L1,66829,CASE
2026-W25,LHV,PA,SKU0011,L1,80995,CASE
2026-W22,Henderson,NV,SKU0012,H1,29068,CASE
2026-W26,Henderson,NV,SKU0012,H1,25280,CASE
2026-W15,Henderson,NV,SKU0013,H2,45509,CASE
2026-W17,Henderson,NV,SKU0013,H2,46057,CASE
2026-W19,Henderson,NV,SKU0013,H2,40890,CASE
2026-W21,Henderson,NV,SKU0013,H2,46070,CASE
2026-W23,Henderson,NV,SKU0013,H2,41245,CASE
2026-W25,Henderson,NV,SKU0013,H2,41133,CASE
2026-W22,LHV,PA,SKU0014,L1,46118,CASE
2026-W26,LHV,PA,SKU0014,L1,44632,CASE
2026-W15,Henderson,NV,SKU0015,H2,80494,CASE
2026-W16,Henderson,NV,SKU0015,H2,78196,CASE
2026-W17,Henderson,NV,SKU0015,H2,71188,CASE
2026-W18,Henderson,NV,SKU0015,H2,76431,CASE
2026-W19,Henderson,NV,SKU0015,H2,82729,CASE
2026-W20,Henderson,NV,SKU0015,H2,73282,CASE
2026-W21,Henderson,NV,SKU0015,H2,71997,CASE
2026-W22,Henderson,NV,SKU0015,H2,75698,CASE
2026-W23,Henderson,NV,SKU0015,H2,68525,CASE
2026-W24,Henderson,NV,SKU0015,H2,77418,CASE
2026-W25,Henderson,NV,SKU0015,H2,67470,CASE
2026-W26,Henderson,NV,SKU0015,H2,66021,CASE
2026-W15,Henderson,NV,SKU0016,H2,50881,CASE
2026-W16,Henderson,NV,SKU0016,H2,52122,CASE
2026-W17,Henderson,NV,SKU0016,H2,53121,CASE
2026-W18,Henderson,NV,SKU0016,H2,50352,CASE
2026-W19,Henderson,NV,SKU0016,H2,57085,CASE
2026-W20,Henderson,NV,SKU0016,H2,54440,CASE
2026-W21,Henderson,NV,SKU0016,H2,48606,CASE
2026-W22,Henderson,NV,SKU0016,H2,59111,CASE
2026-W23,Henderson,NV,SKU0016,H2,53851,CASE
2026-W24,Henderson,NV,SKU0016,H2,58363,CASE
2026-W25,Henderson,NV,SKU0016,H2,50156,CASE
2026-W26,Henderson,NV,SKU0016,H2,50892,CASE
2026-W16,Henderson,NV,SKU0017,H3,73113,CASE
2026-W18,Henderson,NV,SKU0017,H3,76503,CASE
2026-W20,Henderson,NV,SKU0017,H3,73461,CASE
2026-W22,Henderson,NV,SKU0017,H3,70570,CASE
2026-W24,Henderson,NV,SKU0017,H3,58852,CASE
2026-W26,Henderson,NV,SKU0017,H3,66933,CASE
2026-W17,LHV,PA,SKU0018,L2,18406,CASE
2026-W21,LHV,PA,SKU0018,L2,39066,CASE
2026-W25,LHV,PA,SKU0018,L2,44910,CASE
2026-W15,Henderson,NV,SKU0019,H2,73374,CASE
2026-W17,Henderson,NV,SKU0019,H2,75855,CASE
2026-W19,Henderson,NV,SKU0019,H2,83516,CASE
2026-W21,Henderson,NV,SKU0019,H2,83049,CASE
2026-W23,Henderson,NV,SKU0019,H2,77841,CASE
2026-W25,Henderson,NV,SKU0019,H2,61432,CASE
2026-W16,Henderson,NV,SKU0020,H1,19572,CASE
2026-W18,Henderson,NV,SKU0020,H1,27441,CASE
2026-W20,Henderson,NV,SKU0020,H1,40532,CASE
2026-W22,Henderson,NV,SKU0020,H1,39495,CASE
2026-W24,Henderson,NV,SKU0020,H1,52704,CASE
2026-W26,Henderson,NV,SKU0020,H1,32666,CASE
2026-W18,Sulphur,TX,SKU0021,S2,138068,CASE
2026-W22,Sulphur,TX,SKU0021,S2,124274,CASE
2026-W26,Sulphur,TX,SKU0021,S2,121003,CASE
2026-W15,LHV,PA,SKU0022,L2,118546,CASE
2026-W16,LHV,PA,SKU0022,L2,94345,CASE
2026-W17,LHV,PA,SKU0022,L2,112109,CASE
2026-W18,LHV,PA,SKU0022,L2,107569,CASE
2026-W19,LHV,PA,SKU0022,L2,92563,CASE
2026-W20,LHV,PA,SKU0022,L2,104967,CASE
2026-W21,LHV,PA,SKU0022,L2,114560,CASE
2026-W22,LHV,PA,SKU0022,L2,96152,CASE
2026-W23,LHV,PA,SKU0022,L2,99392,CASE
2026-W24,LHV,PA,SKU0022,L2,114485,CASE
2026-W25,LHV,PA,SKU0022,L2,126682,CASE
2026-W26,LHV,PA,SKU0022,L2,115588,CASE
2026-W15,LHV,PA,SKU0023,L3,84859,CASE
2026-W16,LHV,PA,SKU0023,L3,89939,CASE
2026-W17,LHV,PA,SKU0023,L3,98310,CASE
2026-W18,LHV,PA,SKU0023,L3,97183,CASE
2026-W19,LHV,PA,SKU0023,L3,88674,CASE
2026-W20,LHV,PA,SKU0023,L3,88260,CASE
2026-W21,LHV,PA,SKU0023,L3,83392,CASE
2026-W22,LHV,PA,SKU0023,L3,89828,CASE
2026-W23,LHV,PA,SKU0023,L3,102395,CASE
2026-W24,LHV,PA,SKU0023,L3,85060,CASE
2026-W25,LHV,PA,SKU0023,L3,84510,CASE
2026-W26,LHV,PA,SKU0023,L3,87091,CASE
2026-W15,LHV,PA,SKU0024,L2,96155,CASE
2026-W16,LHV,PA,SKU0024,L2,106393,CASE
2026-W17,LHV,PA,SKU0024,L2,113583,CASE
2026-W18,LHV,PA,SKU0024,L2,111468,CASE
2026-W19,LHV,PA,SKU0024,L2,121225,CASE
2026-W20,LHV,PA,SKU0024,L2,107885,CASE
2026-W21,LHV,PA,SKU0024,L2,104072,CASE
2026-W22,LHV,PA,SKU0024,L2,110074,CASE
2026-W23,LHV,PA,SKU0024,L2,113094,CASE
2026-W24,LHV,PA,SKU0024,L2,129384,CASE
2026-W25,LHV,PA,SKU0024,L2,109453,CASE
2026-W26,LHV,PA,SKU0024,L2,107631,CASE
2026-W17,LHV,PA,SKU0025,L3,151941,CASE
2026-W21,LHV,PA,SKU0025,L3,122881,CASE
2026-W25,LHV,PA,SKU0025,L3,135066,CASE
2026-W15,LHV,PA,SKU0026,L1,92873,CASE
2026-W19,LHV,PA,SKU0026,L1,83053,CASE
2026-W23,LHV,PA,SKU0026,L1,95769,CASE
2026-W15,Henderson,NV,SKU0027,H1,101875,CASE
2026-W16,Henderson,NV,SKU0027,H1,115885,CASE
2026-W17,Henderson,NV,SKU0027,H1,112189,CASE
2026-W18,Henderson,NV,SKU0027,H1,89174,CASE
2026-W19,Henderson,NV,SKU0027,H1,106223,CASE
2026-W20,Henderson,NV,SKU0027,H1,98675,CASE
2026-W21,Henderson,NV,SKU0027,H1,125651,CASE
2026-W22,Henderson,NV,SKU0027,H1,87494,CASE
2026-W23,Henderson,NV,SKU0027,H1,103322,CASE
2026-W24,Henderson,NV,SKU0027,H1,110083,CASE
2026-W25,Henderson,NV,SKU0027,H1,107568,CASE
2026-W26,Henderson,NV,SKU0027,H1,108215,CASE
2026-W15,Henderson,NV,SKU0028,H3,106813,CASE
2026-W16,Henderson,NV,SKU0028,H3,112865,CASE
2026-W17,Henderson,NV,SKU0028,H3,100234,CASE
2026-W18,Henderson,NV,SKU0028,H3,107088,CASE
2026-W19,Henderson,NV,SKU0028,H3,87919,CASE
2026-W20,Henderson,NV,SKU0028,H3,81669,CASE
2026-W21,Henderson,NV,SKU0028,H3,106450,CASE
2026-W22,Henderson,NV,SKU0028,H3,92559,CASE
2026-W23,Henderson,NV,SKU0028,H3,116335,CASE
2026-W24,Henderson,NV,SKU0028,H3,109169,CASE
2026-W25,Henderson,NV,SKU0028,H3,124761,CASE
2026-W26,Henderson,NV,SKU0028,H3,112934,CASE
2026-W15,LHV,PA,SKU0029,L1,83342,CASE
2026-W16,LHV,PA,SKU0029,L1,84574,CASE
2026-W17,LHV,PA,SKU0029,L1,79503,CASE
2026-W18,LHV,PA,SKU0029,L1,97520,CASE
2026-W19,LHV,PA,SKU0029,L1,111530,CASE
2026-W20,LHV,PA,SKU0029,L1,90771,CASE
2026-W21,LHV,PA,SKU0029,L1,86201,CASE
2026-W22,LHV,PA,SKU0029,L1,88774,CASE
2026-W23,LHV,PA,SKU0029,L1,93939,CASE
2026-W24,LHV,PA,SKU0029,L1,108024,CASE
2026-W25,LHV,PA,SKU0029,L1,83013,CASE
2026-W26,LHV,PA,SKU0029,L1,90950,CASE
2026-W15,Henderson,NV,SKU0030,H3,148972,CASE
2026-W16,Henderson,NV,SKU0030,H3,120428,CASE
2026-W17,Henderson,NV,SKU0030,H3,130474,CASE
2026-W18,Henderson,NV,SKU0030,H3,131558,CASE
2026-W19,Henderson,NV,SKU0030,H3,127338,CASE
2026-W20,Henderson,NV,SKU0030,H3,133986,CASE
2026-W21,Henderson,NV,SKU0030,H3,112464,CASE
2026-W22,Henderson,NV,SKU0030,H3,116561,CASE
2026-W23,Henderson,NV,SKU0030,H3,144604,CASE
2026-W24,Henderson,NV,SKU0030,H3,127868,CASE
2026-W25,Henderson,NV,SKU0030,H3,134711,CASE
2026-W26,Henderson,NV,SKU0030,H3,138060,CASE
2026-W15,LHV,PA,SKU0031,L2,77206,CASE
2026-W17,LHV,PA,SKU0031,L2,69224,CASE
2026-W19,LHV,PA,SKU0031,L2,80932,CASE
2026-W21,LHV,PA,SKU0031,L2,68548,CASE
2026-W23,LHV,PA,SKU0031,L2,61873,CASE
2026-W25,LHV,PA,SKU0031,L2,76261,CASE
2026-W15,Henderson,NV,SKU0032,H1,70837,CASE
2026-W16,Henderson,NV,SKU0032,H1,86932,CASE
2026-W17,Henderson,NV,SKU0032,H1,69883,CASE
2026-W18,Henderson,NV,SKU0032,H1,87565,CASE
2026-W19,Henderson,NV,SKU0032,H1,79908,CASE
2026-W20,Henderson,NV,SKU0032,H1,69058,CASE
2026-W21,Henderson,NV,SKU0032,H1,81789,CASE
2026-W22,Henderson,NV,SKU0032,H1,81529,CASE
2026-W23,Henderson,NV,SKU0032,H1,75256,CASE
2026-W24,Henderson,NV,SKU0032,H1,83525,CASE
2026-W25,Henderson,NV,SKU0032,H1,82209,CASE
2026-W26,Henderson,NV,SKU0032,H1,79241,CASE
2026-W16,Henderson,NV,SKU0033,H2,130700,CASE
2026-W20,Henderson,NV,SKU0033,H2,130826,CASE
2026-W24,Henderson,NV,SKU0033,H2,120985,CASE
2026-W15,Henderson,NV,SKU0034,H2,90247,CASE
2026-W16,Henderson,NV,SKU0034,H2,84027,CASE
2026-W17,Henderson,NV,SKU0034,H2,87644,CASE
2026-W18,Henderson,NV,SKU0034,H2,90255,CASE
2026-W19,Henderson,NV,SKU0034,H2,80526,CASE
2026-W20,Henderson,NV,SKU0034,H2,84976,CASE
2026-W21,Henderson,NV,SKU0034,H2,86881,CASE
2026-W22,Henderson,NV,SKU0034,H2,76302,CASE
2026-W23,Henderson,NV,SKU0034,H2,92929,CASE
2026-W24,Henderson,NV,SKU0034,H2,87537,CASE
2026-W25,Henderson,NV,SKU0034,H2,82628,CASE
2026-W26,Henderson,NV,SKU0034,H2,99008,CASE
2026-W15,Henderson,NV,SKU0035,H2,65449,CASE
2026-W17,Henderson,NV,SKU0035,H2,75249,CASE
2026-W19,Henderson,NV,SKU0035,H2,72829,CASE
2026-W21,Henderson,NV,SKU0035,H2,67551,CASE
2026-W23,Henderson,NV,SKU0035,H2,69809,CASE
2026-W25,Henderson,NV,SKU0035,H2,63866,CASE
2026-W17,Sulphur,TX,SKU0036,S2,86043,CASE
2026-W21,Sulphur,TX,SKU0036,S2,75153,CASE
2026-W25,Sulphur,TX,SKU0036,S2,92128,CASE
2026-W16,LHV,PA,SKU0037,L2,89656,CASE
2026-W18,LHV,PA,SKU0037,L2,118632,CASE
2026-W20,LHV,PA,SKU0037,L2,125862,CASE
2026-W22,LHV,PA,SKU0037,L2,92480,CASE
2026-W24,LHV,PA,SKU0037,L2,119747,CASE
2026-W26,LHV,PA,SKU0037,L2,109436,CASE
2026-W15,Sulphur,TX,SKU0038,S1,47694,CASE
2026-W16,Sulphur,TX,SKU0038,S1,53327,CASE
2026-W17,Sulphur,TX,SKU0038,S1,52562,CASE
2026-W18,Sulphur,TX,SKU0038,S1,50945,CASE
2026-W19,Sulphur,TX,SKU0038,S1,52180,CASE
2026-W20,Sulphur,TX,SKU0038,S1,56061,CASE
2026-W21,Sulphur,TX,SKU0038,S1,56171,CASE
2026-W22,Sulphur,TX,SKU0038,S1,53351,CASE
2026-W23,Sulphur,TX,SKU0038,S1,56888,CASE
2026-W24,Sulphur,TX,SKU0038,S1,59664,CASE
2026-W25,Sulphur,TX,SKU0038,S1,52823,CASE
2026-W26,Sulphur,TX,SKU0038,S1,55283,CASE
2026-W18,Henderson,NV,SKU0039,H3,78657,CASE
2026-W22,Henderson,NV,SKU0039,H3,84747,CASE
2026-W26,Henderson,NV,SKU0039,H3,75999,CASE
2026-W15,Sulphur,TX,SKU0040,S2,107981,CASE
2026-W16,Sulphur,TX,SKU0040,S2,102260,CASE
2026-W17,Sulphur,TX,SKU0040,S2,115301,CASE
2026-W18,Sulphur,TX,SKU0040,S2,121997,CASE
2026-W19,Sulphur,TX,SKU0040,S2,139094,CASE
2026-W20,Sulphur,TX,SKU0040,S2,135395,CASE
2026-W21,Sulphur,TX,SKU0040,S2,138417,CASE
2026-W22,Sulphur,TX,SKU0040,S2,114250,CASE
2026-W23,Sulphur,TX,SKU0040,S2,114552,CASE
2026-W24,Sulphur,TX,SKU0040,S2,99782,CASE
2026-W25,Sulphur,TX,SKU0040,S2,131549,CASE
2026-W26,Sulphur,TX,SKU0040,S2,108768,CASE
2026-W17,LHV,PA,SKU0041,L1,45622,CASE
2026-W21,LHV,PA,SKU0041,L1,44455,CASE
2026-W25,LHV,PA,SKU0041,L1,53420,CASE
2026-W16,LHV,PA,SKU0042,L2,66254,CASE
2026-W20,LHV,PA,SKU0042,L2,75813,CASE
2026-W24,LHV,PA,SKU0042,L2,80878,CASE
2026-W18,Henderson,NV,SKU0043,H2,153361,CASE
2026-W22,Henderson,NV,SKU0043,H2,184422,CASE
2026-W26,Henderson,NV,SKU0043,H2,137482,CASE
2026-W16,Sulphur,TX,SKU0044,S1,93223,CASE
2026-W18,Sulphur,TX,SKU0044,S1,83933,CASE
2026-W20,Sulphur,TX,SKU0044,S1,94097,CASE
2026-W22,Sulphur,TX,SKU0044,S1,102929,CASE
2026-W24,Sulphur,TX,SKU0044,S1,104743,CASE
2026-W26,Sulphur,TX,SKU0044,S1,93358,CASE
2026-W15,Sulphur,TX,SKU0045,S1,113654,CASE
2026-W16,Sulphur,TX,SKU0045,S1,119625,CASE
2026-W17,Sulphur,TX,SKU0045,S1,92289,CASE
2026-W18,Sulphur,TX,SKU0045,S1,121950,CASE
2026-W19,Sulphur,TX,SKU0045,S1,99420,CASE
2026-W20,Sulphur,TX,SKU0045,S1,109568,CASE
2026-W21,Sulphur,TX,SKU0045,S1,101800,CASE
2026-W22,Sulphur,TX,SKU0045,S1,106801,CASE
2026-W23,Sulphur,TX,SKU0045,S1,96446,CASE
2026-W24,Sulphur,TX,SKU0045,S1,118728,CASE
2026-W25,Sulphur,TX,SKU0045,S1,115894,CASE
2026-W26,Sulphur,TX,SKU0045,S1,102676,CASE
2026-W15,Sulphur,TX,SKU0046,S2,124866,CASE
2026-W17,Sulphur,TX,SKU0046,S2,116015,CASE
2026-W19,Sulphur,TX,SKU0046,S2,122273,CASE
2026-W21,Sulphur,TX,SKU0046,S2,155657,CASE
2026-W23,Sulphur,TX,SKU0046,S2,121646,CASE
2026-W25,Sulphur,TX,SKU0046,S2,146251,CASE
2026-W15,LHV,PA,SKU0047,L2,42231,CASE
2026-W17,LHV,PA,SKU0047,L2,48966,CASE
2026-W19,LHV,PA,SKU0047,L2,52033,CASE
2026-W21,LHV,PA,SKU0047,L2,42970,CASE
2026-W23,LHV,PA,SKU0047,L2,47977,CASE
2026-W25,LHV,PA,SKU0047,L2,44666,CASE
2026-W15,LHV,PA,SKU0048,L1,116150,CASE
2026-W16,LHV,PA,SKU0048,L1,126491,CASE
2026-W17,LHV,PA,SKU0048,L1,138747,CASE
2026-W18,LHV,PA,SKU0048,L1,135685,CASE
2026-W19,LHV,PA,SKU0048,L1,106056,CASE
2026-W20,LHV,PA,SKU0048,L1,110462,CASE
2026-W21,LHV,PA,SKU0048,L1,116657,CASE
2026-W22,LHV,PA,SKU0048,L1,122747,CASE
2026-W23,LHV,PA,SKU0048,L1,114974,CASE
2026-W24,LHV,PA,SKU0048,L1,104388,CASE
2026-W25,LHV,PA,SKU0048,L1,137261,CASE
2026-W26,LHV,PA,SKU0048,L1,135546,CASE
2026-W15,Sulphur,TX,SKU0049,S2,126267,CASE
2026-W16,Sulphur,TX,SKU0049,S2,128009,CASE
2026-W17,Sulphur,TX,SKU0049,S2,143565,CASE
2026-W18,Sulphur,TX,SKU0049,S2,121695,CASE
2026-W19,Sulphur,TX,SKU0049,S2,114700,CASE
2026-W20,Sulphur,TX,SKU0049,S2,155513,CASE
2026-W21,Sulphur,TX,SKU0049,S2,111513,CASE
2026-W22,Sulphur,TX,SKU0049,S2,131412,CASE
2026-W23,Sulphur,TX,SKU0049,S2,132452,CASE
2026-W24,Sulphur,TX,SKU0049,S2,104513,CASE
2026-W25,Sulphur,TX,SKU0049,S2,133780,CASE
2026-W26,Sulphur,TX,SKU0049,S2,129145,CASE
2026-W15,LHV,PA,SKU0050,L3,118035,CASE
2026-W16,LHV,PA,SKU0050,L3,128594,CASE
2026-W17,LHV,PA,SKU0050,L3,120984,CASE
2026-W18,LHV,PA,SKU0050,L3,125158,CASE
2026-W19,LHV,PA,SKU0050,L3,127872,CASE
2026-W20,LHV,PA,SKU0050,L3,127934,CASE
2026-W21,LHV,PA,SKU0050,L3,125703,CASE
2026-W22,LHV,PA,SKU0050,L3,120022,CASE
2026-W23,LHV,PA,SKU0050,L3,106852,CASE
2026-W24,LHV,PA,SKU0050,L3,139578,CASE
2026-W25,LHV,PA,SKU0050,L3,105928,CASE
2026-W26,LHV,PA,SKU0050,L3,105914,CASE
2026-W16,LHV,PA,SKU0051,L3,93987,CASE
2026-W20,LHV,PA,SKU0051,L3,88508,CASE
2026-W24,LHV,PA,SKU0051,L3,79850,CASE
2026-W16,Sulphur,TX,SKU0052,S3,111816,CASE
2026-W18,Sulphur,TX,SKU0052,S3,94368,CASE
2026-W20,Sulphur,TX,SKU0052,S3,91637,CASE
2026-W22,Sulphur,TX,SKU0052,S3,93653,CASE
2026-W24,Sulphur,TX,SKU0052,S3,96604,CASE
2026-W26,Sulphur,TX,SKU0052,S3,101128,CASE
2026-W16,LHV,PA,SKU0053,L3,85413,CASE
2026-W18,LHV,PA,SKU0053,L3,77864,CASE
2026-W20,LHV,PA,SKU0053,L3,66436,CASE
2026-W22,LHV,PA,SKU0053,L3,88490,CASE
2026-W24,LHV,PA,SKU0053,L3,63549,CASE
2026-W26,LHV,PA,SKU0053,L3,73264,CASE
2026-W15,Sulphur,TX,SKU0054,S2,92492,CASE
2026-W17,Sulphur,TX,SKU0054,S2,79077,CASE
2026-W19,Sulphur,TX,SKU0054,S2,79520,CASE
2026-W21,Sulphur,TX,SKU0054,S2,86268,CASE
2026-W23,Sulphur,TX,SKU0054,S2,82832,CASE
2026-W25,Sulphur,TX,SKU0054,S2,90620,CASE
2026-W15,Sulphur,TX,SKU0055,S3,117394,CASE
2026-W17,Sulphur,TX,SKU0055,S3,141808,CASE
2026-W19,Sulphur,TX,SKU0055,S3,132388,CASE
2026-W21,Sulphur,TX,SKU0055,S3,131618,CASE
2026-W23,Sulphur,TX,SKU0055,S3,135613,CASE
2026-W25,Sulphur,TX,SKU0055,S3,119433,CASE
2026-W15,Henderson,NV,SKU0056,H2,110281,CASE
2026-W17,Henderson,NV,SKU0056,H2,126333,CASE
2026-W19,Henderson,NV,SKU0056,H2,103537,CASE
2026-W21,Henderson,NV,SKU0056,H2,104150,CASE
2026-W23,Henderson,NV,SKU0056,H2,111364,CASE
2026-W25,Henderson,NV,SKU0056,H2,116716,CASE
2026-W18,Sulphur,TX,SKU0057,S1,60422,CASE
2026-W22,Sulphur,TX,SKU0057,S1,68917,CASE
2026-W26,Sulphur,TX,SKU0057,S1,60986,CASE
2026-W15,LHV,PA,SKU0058,L3,48030,CASE
2026-W16,LHV,PA,SKU0058,L3,44777,CASE
2026-W17,LHV,PA,SKU0058,L3,47278,CASE
2026-W18,LHV,PA,SKU0058,L3,46547,CASE
2026-W19,LHV,PA,SKU0058,L3,53705,CASE
2026-W20,LHV,PA,SKU0058,L3,50403,CASE
2026-W21,LHV,PA,SKU0058,L3,50817,CASE
2026-W22,LHV,PA,SKU0058,L3,46382,CASE
2026-W23,LHV,PA,SKU0058,L3,43422,CASE
2026-W24,LHV,PA,SKU0058,L3,42216,CASE
2026-W25,LHV,PA,SKU0058,L3,56679,CASE
2026-W26,LHV,PA,SKU0058,L3,48982,CASE
2026-W15,Henderson,NV,SKU0059,H1,89493,CASE
2026-W19,Henderson,NV,SKU0059,H1,99603,CASE
2026-W23,Henderson,NV,SKU0059,H1,112277,CASE
2026-W15,Sulphur,TX,SKU0060,S1,66821,CASE
2026-W19,Sulphur,TX,SKU0060,S1,82131,CASE
2026-W23,Sulphur,TX,SKU0060,S1,70910,CASE
2026-W18,Henderson,NV,SKU0061,H3,104331,CASE
2026-W22,Henderson,NV,SKU0061,H3,105186,CASE
2026-W26,Henderson,NV,SKU0061,H3,100566,CASE
2026-W15,LHV,PA,SKU0062,L3,100794,CASE
2026-W16,LHV,PA,SKU0062,L3,81301,CASE
2026-W17,LHV,PA,SKU0062,L3,89224,CASE
2026-W18,LHV,PA,SKU0062,L3,81825,CASE
2026-W19,LHV,PA,SKU0062,L3,89991,CASE
2026-W20,LHV,PA,SKU0062,L3,82383,CASE
2026-W21,LHV,PA,SKU0062,L3,90528,CASE
2026-W22,LHV,PA,SKU0062,L3,112849,CASE
2026-W23,LHV,PA,SKU0062,L3,97484,CASE
2026-W24,LHV,PA,SKU0062,L3,95215,CASE
2026-W25,LHV,PA,SKU0062,L3,112157,CASE
2026-W26,LHV,PA,SKU0062,L3,101376,CASE
2026-W15,Sulphur,TX,SKU0063,S3,60872,CASE
2026-W16,Sulphur,TX,SKU0063,S3,53271,CASE
2026-W17,Sulphur,TX,SKU0063,S3,66684,CASE
2026-W18,Sulphur,TX,SKU0063,S3,64940,CASE
2026-W19,Sulphur,TX,SKU0063,S3,56723,CASE
2026-W20,Sulphur,TX,SKU0063,S3,57417,CASE
2026-W21,Sulphur,TX,SKU0063,S3,61635,CASE
2026-W22,Sulphur,TX,SKU0063,S3,55110,CASE
2026-W23,Sulphur,TX,SKU0063,S3,57471,CASE
2026-W24,Sulphur,TX,SKU0063,S3,61333,CASE
2026-W25,Sulphur,TX,SKU0063,S3,69124,CASE
2026-W26,Sulphur,TX,SKU0063,S3,49583,CASE
2026-W15,LHV,PA,SKU0064,L3,88914,CASE
2026-W17,LHV,PA,SKU0064,L3,95258,CASE
2026-W19,LHV,PA,SKU0064,L3,82251,CASE
2026-W21,LHV,PA,SKU0064,L3,73483,CASE
2026-W23,LHV,PA,SKU0064,L3,98211,CASE
2026-W25,LHV,PA,SKU0064,L3,83728,CASE
2026-W18,Henderson,NV,SKU0065,H1,84856,CASE
2026-W22,Henderson,NV,SKU0065,H1,84505,CASE
2026-W26,Henderson,NV,SKU0065,H1,110500,CASE
2026-W16,Sulphur,TX,SKU0066,S3,76428,CASE
2026-W18,Sulphur,TX,SKU0066,S3,72177,CASE
2026-W20,Sulphur,TX,SKU0066,S3,83406,CASE
2026-W22,Sulphur,TX,SKU0066,S3,73735,CASE
2026-W24,Sulphur,TX,SKU0066,S3,64599,CASE
2026-W26,Sulphur,TX,SKU0066,S3,77163,CASE
2026-W15,Henderson,NV,SKU0067,H3,124285,CASE
2026-W16,Henderson,NV,SKU0067,H3,145789,CASE
2026-W17,Henderson,NV,SKU0067,H3,129276,CASE
2026-W18,Henderson,NV,SKU0067,H3,146083,CASE
2026-W19,Henderson,NV,SKU0067,H3,159024,CASE
2026-W20,Henderson,NV,SKU0067,H3,124603,CASE
2026-W21,Henderson,NV,SKU0067,H3,141279,CASE
2026-W22,Henderson,NV,SKU0067,H3,127172,CASE
2026-W23,Henderson,NV,SKU0067,H3,139466,CASE
2026-W24,Henderson,NV,SKU0067,H3,137362,CASE
2026-W25,Henderson,NV,SKU0067,H3,142467,CASE
2026-W26,Henderson,NV,SKU0067,H3,149164,CASE
2026-W15,Henderson,NV,SKU0068,H2,153277,CASE
2026-W16,Henderson,NV,SKU0068,H2,122755,CASE
2026-W17,Henderson,NV,SKU0068,H2,130576,CASE
2026-W18,Henderson,NV,SKU0068,H2,147356,CASE
2026-W19,Henderson,NV,SKU0068,H2,126598,CASE
2026-W20,Henderson,NV,SKU0068,H2,127693,CASE
2026-W21,Henderson,NV,SKU0068,H2,144701,CASE
2026-W22,Henderson,NV,SKU0068,H2,129436,CASE
2026-W23,Henderson,NV,SKU0068,H2,133637,CASE
2026-W24,Henderson,NV,SKU0068,H2,130570,CASE
2026-W25,Henderson,NV,SKU0068,H2,129894,CASE
2026-W26,Henderson,NV,SKU0068,H2,144438,CASE
2026-W15,Sulphur,TX,SKU0069,S1,121963,CASE
2026-W16,Sulphur,TX,SKU0069,S1,102323,CASE
2026-W17,Sulphur,TX,SKU0069,S1,101694,CASE
2026-W18,Sulphur,TX,SKU0069,S1,94816,CASE
2026-W19,Sulphur,TX,SKU0069,S1,90394,CASE
2026-W20,Sulphur,TX,SKU0069,S1,106491,CASE
2026-W21,Sulphur,TX,SKU0069,S1,84885,CASE
2026-W22,Sulphur,TX,SKU0069,S1,115741,CASE
2026-W23,Sulphur,TX,SKU0069,S1,122418,CASE
2026-W24,Sulphur,TX,SKU0069,S1,108485,CASE
2026-W25,Sulphur,TX,SKU0069,S1,101195,CASE
2026-W26,Sulphur,TX,SKU0069,S1,89403,CASE
2026-W15,Henderson,NV,SKU0070,H3,118070,CASE
2026-W16,Henderson,NV,SKU0070,H3,122455,CASE
2026-W17,Henderson,NV,SKU0070,H3,124130,CASE
2026-W18,Henderson,NV,SKU0070,H3,133175,CASE
2026-W19,Henderson,NV,SKU0070,H3,132415,CASE
2026-W20,Henderson,NV,SKU0070,H3,117094,CASE
2026-W21,Henderson,NV,SKU0070,H3,122912,CASE
2026-W22,Henderson,NV,SKU0070,H3,118079,CASE
2026-W23,Henderson,NV,SKU0070,H3,125784,CASE
2026-W24,Henderson,NV,SKU0070,H3,134737,CASE
2026-W25,Henderson,NV,SKU0070,H3,133758,CASE
2026-W26,Henderson,NV,SKU0070,H3,118813,CASE
2026-W15,LHV,PA,SKU0071,L3,120835,CASE
2026-W19,LHV,PA,SKU0071,L3,143396,CASE
2026-W23,LHV,PA,SKU0071,L3,100511,CASE
2026-W15,Henderson,NV,SKU0072,H1,71647,CASE
2026-W17,Henderson,NV,SKU0072,H1,85300,CASE
2026-W19,Henderson,NV,SKU0072,H1,69389,CASE
2026-W21,Henderson,NV,SKU0072,H1,79116,CASE
2026-W23,Henderson,NV,SKU0072,H1,89800,CASE
2026-W25,Henderson,NV,SKU0072,H1,87879,CASE
2026-W15,LHV,PA,SKU0073,L1,150855,CASE
2026-W16,LHV,PA,SKU0073,L1,133006,CASE
2026-W17,LHV,PA,SKU0073,L1,154592,CASE
2026-W18,LHV,PA,SKU0073,L1,143809,CASE
2026-W19,LHV,PA,SKU0073,L1,136274,CASE
2026-W20,LHV,PA,SKU0073,L1,156800,CASE
2026-W21,LHV,PA,SKU0073,L1,135674,CASE
2026-W22,LHV,PA,SKU0073,L1,152918,CASE
2026-W23,LHV,PA,SKU0073,L1,136396,CASE
2026-W24,LHV,PA,SKU0073,L1,150062,CASE
2026-W25,LHV,PA,SKU0073,L1,140693,CASE
2026-W26,LHV,PA,SKU0073,L1,162550,CASE
2026-W15,LHV,PA,SKU0074,L2,87662,CASE
2026-W17,LHV,PA,SKU0074,L2,85192,CASE
2026-W19,LHV,PA,SKU0074,L2,73506,CASE
2026-W21,LHV,PA,SKU0074,L2,87613,CASE
2026-W23,LHV,PA,SKU0074,L2,75675,CASE
2026-W25,LHV,PA,SKU0074,L2,73807,CASE
2026-W15,Henderson,NV,SKU0075,H2,113669,CASE
2026-W16,Henderson,NV,SKU0075,H2,112101,CASE
2026-W17,Henderson,NV,SKU0075,H2,121912,CASE
2026-W18,Henderson,NV,SKU0075,H2,128990,CASE
2026-W19,Henderson,NV,SKU0075,H2,122933,CASE
2026-W20,Henderson,NV,SKU0075,H2,112774,CASE
2026-W21,Henderson,NV,SKU0075,H2,114447,CASE
2026-W22,Henderson,NV,SKU0075,H2,129335,CASE
2026-W23,Henderson,NV,SKU0075,H2,115228,CASE
2026-W24,Henderson,NV,SKU0075,H2,126982,CASE
2026-W25,Henderson,NV,SKU0075,H2,90243,CASE
2026-W26,Henderson,NV,SKU0075,H2,118296,CASE
2026-W15,LHV,PA,SKU0076,L2,115835,CASE
2026-W17,LHV,PA,SKU0076,L2,117715,CASE
2026-W19,LHV,PA,SKU0076,L2,97883,CASE
2026-W21,LHV,PA,SKU0076,L2,111051,CASE
2026-W23,LHV,PA,SKU0076,L2,128592,CASE
2026-W25,LHV,PA,SKU0076,L2,97949,CASE
2026-W16,Sulphur,TX,SKU0077,S3,110483,CASE
2026-W18,Sulphur,TX,SKU0077,S3,99498,CASE
2026-W20,Sulphur,TX,SKU0077,S3,114643,CASE
2026-W22,Sulphur,TX,SKU0077,S3,109154,CASE
2026-W24,Sulphur,TX,SKU0077,S3,85664,CASE
2026-W26,Sulphur,TX,SKU0077,S3,103386,CASE
2026-W15,LHV,PA,SKU0078,L1,81914,CASE
2026-W16,LHV,PA,SKU0078,L1,72451,CASE
2026-W17,LHV,PA,SKU0078,L1,68305,CASE
2026-W18,LHV,PA,SKU0078,L1,81988,CASE
2026-W19,LHV,PA,SKU0078,L1,67874,CASE
2026-W20,LHV,PA,SKU0078,L1,80800,CASE
2026-W21,LHV,PA,SKU0078,L1,76034,CASE
2026-W22,LHV,PA,SKU0078,L1,73515,CASE
2026-W23,LHV,PA,SKU0078,L1,77138,CASE
2026-W24,LHV,PA,SKU0078,L1,76822,CASE
2026-W25,LHV,PA,SKU0078,L1,73745,CASE
2026-W26,LHV,PA,SKU0078,L1,79002,CASE
2026-W15,LHV,PA,SKU0079,L2,118222,CASE
2026-W16,LHV,PA,SKU0079,L2,110356,CASE
2026-W17,LHV,PA,SKU0079,L2,106430,CASE
2026-W18,LHV,PA,SKU0079,L2,122297,CASE
2026-W19,LHV,PA,SKU0079,L2,121058,CASE
2026-W20,LHV,PA,SKU0079,L2,126494,CASE
2026-W21,LHV,PA,SKU0079,L2,116879,CASE
2026-W22,LHV,PA,SKU0079,L2,134298,CASE
2026-W23,LHV,PA,SKU0079,L2,132412,CASE
2026-W24,LHV,PA,SKU0079,L2,105694,CASE
2026-W25,LHV,PA,SKU0079,L2,124794,CASE
2026-W26,LHV,PA,SKU0079,L2,135858,CASE
2026-W15,LHV,PA,SKU0080,L2,63332,CASE
2026-W17,LHV,PA,SKU0080,L2,56758,CASE
2026-W19,LHV,PA,SKU0080,L2,62346,CASE
2026-W21,LHV,PA,SKU0080,L2,63682,CASE
2026-W23,LHV,PA,SKU0080,L2,59109,CASE
2026-W25,LHV,PA,SKU0080,L2,66929,CASE
2026-W15,Sulphur,TX,SKU0081,S3,58306,CASE
2026-W19,Sulphur,TX,SKU0081,S3,53659,CASE
2026-W23,Sulphur,TX,SKU0081,S3,51046,CASE
2026-W15,Sulphur,TX,SKU0082,S3,51628,CASE
2026-W16,Sulphur,TX,SKU0082,S3,55137,CASE
2026-W17,Sulphur,TX,SKU0082,S3,53958,CASE
2026-W18,Sulphur,TX,SKU0082,S3,47885,CASE
2026-W19,Sulphur,TX,SKU0082,S3,39475,CASE
2026-W20,Sulphur,TX,SKU0082,S3,48987,CASE
2026-W21,Sulphur,TX,SKU0082,S3,47711,CASE
2026-W22,Sulphur,TX,SKU0082,S3,50489,CASE
2026-W23,Sulphur,TX,SKU0082,S3,57868,CASE
2026-W24,Sulphur,TX,SKU0082,S3,50066,CASE
2026-W25,Sulphur,TX,SKU0082,S3,49176,CASE
2026-W26,Sulphur,TX,SKU0082,S3,47321,CASE
2026-W15,Sulphur,TX,SKU0083,S2,93707,CASE
2026-W16,Sulphur,TX,SKU0083,S2,102227,CASE
2026-W17,Sulphur,TX,SKU0083,S2,100954,CASE
2026-W18,Sulphur,TX,SKU0083,S2,100309,CASE
2026-W19,Sulphur,TX,SKU0083,S2,105048,CASE
2026-W20,Sulphur,TX,SKU0083,S2,109798,CASE
2026-W21,Sulphur,TX,SKU0083,S2,107714,CASE
2026-W22,Sulphur,TX,SKU0083,S2,101748,CASE
2026-W23,Sulphur,TX,SKU0083,S2,106487,CASE
2026-W24,Sulphur,TX,SKU0083,S2,121028,CASE
2026-W25,Sulphur,TX,SKU0083,S2,96019,CASE
2026-W26,Sulphur,TX,SKU0083,S2,95622,CASE
2026-W17,Henderson,NV,SKU0084,H3,118994,CASE
2026-W21,Henderson,NV,SKU0084,H3,117697,CASE
2026-W25,Henderson,NV,SKU0084,H3,122548,CASE
2026-W18,Sulphur,TX,SKU0085,S2,72286,CASE
2026-W22,Sulphur,TX,SKU0085,S2,67238,CASE
2026-W26,Sulphur,TX,SKU0085,S2,70772,CASE
2026-W15,LHV,PA,SKU0086,L3,99535,CASE
2026-W16,LHV,PA,SKU0086,L3,85211,CASE
2026-W17,LHV,PA,SKU0086,L3,87740,CASE
2026-W18,LHV,PA,SKU0086,L3,99063,CASE
2026-W19,LHV,PA,SKU0086,L3,82120,CASE
2026-W20,LHV,PA,SKU0086,L3,93627,CASE
2026-W21,LHV,PA,SKU0086,L3,73116,CASE
2026-W22,LHV,PA,SKU0086,L3,106803,CASE
2026-W23,LHV,PA,SKU0086,L3,85369,CASE
2026-W24,LHV,PA,SKU0086,L3,92739,CASE
2026-W25,LHV,PA,SKU0086,L3,98521,CASE
2026-W26,LHV,PA,SKU0086,L3,94351,CASE
2026-W15,Sulphur,TX,SKU0087,S2,136976,CASE
2026-W16,Sulphur,TX,SKU0087,S2,135023,CASE
2026-W17,Sulphur,TX,SKU0087,S2,136145,CASE
2026-W18,Sulphur,TX,SKU0087,S2,132065,CASE
2026-W19,Sulphur,TX,SKU0087,S2,145382,CASE
2026-W20,Sulphur,TX,SKU0087,S2,144878,CASE
2026-W21,Sulphur,TX,SKU0087,S2,116190,CASE
2026-W22,Sulphur,TX,SKU0087,S2,142700,CASE
2026-W23,Sulphur,TX,SKU0087,S2,146299,CASE
2026-W24,Sulphur,TX,SKU0087,S2,137628,CASE
2026-W25,Sulphur,TX,SKU0087,S2,118458,CASE
2026-W26,Sulphur,TX,SKU0087,S2,135683,CASE
2026-W15,Sulphur,TX,SKU0088,S2,70058,CASE
2026-W16,Sulphur,TX,SKU0088,S2,77843,CASE
2026-W17,Sulphur,TX,SKU0088,S2,70458,CASE
2026-W18,Sulphur,TX,SKU0088,S2,71223,CASE
2026-W19,Sulphur,TX,SKU0088,S2,68231,CASE
2026-W20,Sulphur,TX,SKU0088,S2,74801,CASE
2026-W21,Sulphur,TX,SKU0088,S2,84444,CASE
2026-W22,Sulphur,TX,SKU0088,S2,77430,CASE
2026-W23,Sulphur,TX,SKU0088,S2,84516,CASE
2026-W24,Sulphur,TX,SKU0088,S2,70602,CASE
2026-W25,Sulphur,TX,SKU0088,S2,80574,CASE
2026-W26,Sulphur,TX,SKU0088,S2,74925,CASE
2026-W15,LHV,PA,SKU0089,L3,72420,CASE
2026-W16,LHV,PA,SKU0089,L3,77917,CASE
2026-W17,LHV,PA,SKU0089,L3,86364,CASE
2026-W18,LHV,PA,SKU0089,L3,72640,CASE
2026-W19,LHV,PA,SKU0089,L3,76833,CASE
2026-W20,LHV,PA,SKU0089,L3,71802,CASE
2026-W21,LHV,PA,SKU0089,L3,93353,CASE
2026-W22,LHV,PA,SKU0089,L3,66476,CASE
2026-W23,LHV,PA,SKU0089,L3,78966,CASE
2026-W24,LHV,PA,SKU0089,L3,94837,CASE
2026-W25,LHV,PA,SKU0089,L3,93993,CASE
2026-W26,LHV,PA,SKU0089,L3,70094,CASE
2026-W15,Henderson,NV,SKU0090,H3,49319,CASE
2026-W17,Henderson,NV,SKU0090,H3,48686,CASE
2026-W19,Henderson,NV,SKU0090,H3,59794,CASE
2026-W21,Henderson,NV,SKU0090,H3,50091,CASE
2026-W23,Henderson,NV,SKU0090,H3,55790,CASE
2026-W25,Henderson,NV,SKU0090,H3,52044,CASE
2026-W16,Sulphur,TX,SKU0091,S3,62380,CASE
2026-W18,Sulphur,TX,SKU0091,S3,60124,CASE
2026-W20,Sulphur,TX,SKU0091,S3,61118,CASE
2026-W22,Sulphur,TX,SKU0091,S3,74825,CASE
2026-W24,Sulphur,TX,SKU0091,S3,72383,CASE
2026-W26,Sulphur,TX,SKU0091,S3,71825,CASE
2026-W16,Henderson,NV,SKU0092,H1,168249,CASE
2026-W18,Henderson,NV,SKU0092,H1,150759,CASE
2026-W20,Henderson,NV,SKU0092,H1,168725,CASE
2026-W22,Henderson,NV,SKU0092,H1,193427,CASE
2026-W24,Henderson,NV,SKU0092,H1,164650,CASE
2026-W26,Henderson,NV,SKU0092,H1,163571,CASE
2026-W15,Henderson,NV,SKU0093,H1,148100,CASE
2026-W16,Henderson,NV,SKU0093,H1,174066,CASE
2026-W17,Henderson,NV,SKU0093,H1,170356,CASE
2026-W18,Henderson,NV,SKU0093,H1,146286,CASE
2026-W19,Henderson,NV,SKU0093,H1,153103,CASE
2026-W20,Henderson,NV,SKU0093,H1,160529,CASE
2026-W21,Henderson,NV,SKU0093,H1,150822,CASE
2026-W22,Henderson,NV,SKU0093,H1,180934,CASE
2026-W23,Henderson,NV,SKU0093,H1,136051,CASE
2026-W24,Henderson,NV,SKU0093,H1,123247,CASE
2026-W25,Henderson,NV,SKU0093,H1,138331,CASE
2026-W26,Henderson,NV,SKU0093,H1,147098,CASE
2026-W16,Henderson,NV,SKU0094,H2,131169,CASE
2026-W18,Henderson,NV,SKU0094,H2,128632,CASE
2026-W20,Henderson,NV,SKU0094,H2,122323,CASE
2026-W22,Henderson,NV,SKU0094,H2,113510,CASE
2026-W24,Henderson,NV,SKU0094,H2,144760,CASE
2026-W26,Henderson,NV,SKU0094,H2,124989,CASE
2026-W15,LHV,PA,SKU0095,L2,82346,CASE
2026-W16,LHV,PA,SKU0095,L2,88993,CASE
2026-W17,LHV,PA,SKU0095,L2,83050,CASE
2026-W18,LHV,PA,SKU0095,L2,81045,CASE
2026-W19,LHV,PA,SKU0095,L2,90952,CASE
2026-W20,LHV,PA,SKU0095,L2,85124,CASE
2026-W21,LHV,PA,SKU0095,L2,107408,CASE
2026-W22,LHV,PA,SKU0095,L2,98805,CASE
2026-W23,LHV,PA,SKU0095,L2,102055,CASE
2026-W24,LHV,PA,SKU0095,L2,79003,CASE
2026-W25,LHV,PA,SKU0095,L2,97366,CASE
2026-W26,LHV,PA,SKU0095,L2,98837,CASE
2026-W15,Henderson,NV,SKU0096,H2,114646,CASE
2026-W16,Henderson,NV,SKU0096,H2,112044,CASE
2026-W17,Henderson,NV,SKU0096,H2,111514,CASE
2026-W18,Henderson,NV,SKU0096,H2,105630,CASE
2026-W19,Henderson,NV,SKU0096,H2,109247,CASE
2026-W20,Henderson,NV,SKU0096,H2,98368,CASE
2026-W21,Henderson,NV,SKU0096,H2,99960,CASE
2026-W22,Henderson,NV,SKU0096,H2,121433,CASE
2026-W23,Henderson,NV,SKU0096,H2,95178,CASE
2026-W24,Henderson,NV,SKU0096,H2,102269,CASE
2026-W25,Henderson,NV,SKU0096,H2,104960,CASE
2026-W26,Henderson,NV,SKU0096,H2,106461,CASE
2026-W16,Henderson,NV,SKU0097,H3,118741,CASE
2026-W18,Henderson,NV,SKU0097,H3,104203,CASE
2026-W20,Henderson,NV,SKU0097,H3,127449,CASE
2026-W22,Henderson,NV,SKU0097,H3,121605,CASE
2026-W24,Henderson,NV,SKU0097,H3,136269,CASE
2026-W26,Henderson,NV,SKU0097,H3,106123,CASE
2026-W15,LHV,PA,SKU0098,L2,47721,CASE
2026-W16,LHV,PA,SKU0098,L2,62998,CASE
2026-W17,LHV,PA,SKU0098,L2,50759,CASE
2026-W18,LHV,PA,SKU0098,L2,47414,CASE
2026-W19,LHV,PA,SKU0098,L2,59272,CASE
2026-W20,LHV,PA,SKU0098,L2,57952,CASE
2026-W21,LHV,PA,SKU0098,L2,58227,CASE
2026-W22,LHV,PA,SKU0098,L2,57417,CASE
2026-W23,LHV,PA,SKU0098,L2,54631,CASE
2026-W24,LHV,PA,SKU0098,L2,52996,CASE
2026-W25,LHV,PA,SKU0098,L2,52602,CASE
2026-W26,LHV,PA,SKU0098,L2,58619,CASE
2026-W16,Henderson,NV,SKU0099,H1,88637,CASE
2026-W18,Henderson,NV,SKU0099,H1,81223,CASE
2026-W20,Henderson,NV,SKU0099,H1,73045,CASE
2026-W22,Henderson,NV,SKU0099,H1,71155,CASE
2026-W24,Henderson,NV,SKU0099,H1,64604,CASE
2026-W26,Henderson,NV,SKU0099,H1,89852,CASE
2026-W16,Henderson,NV,SKU0100,H1,116580,CASE
2026-W18,Henderson,NV,SKU0100,H1,88143,CASE
2026-W20,Henderson,NV,SKU0100,H1,102721,CASE
2026-W22,Henderson,NV,SKU0100,H1,116817,CASE
2026-W24,Henderson,NV,SKU0100,H1,83900,CASE
2026-W26,Henderson,NV,SKU0100,H1,101517,CASE
2026-W16,LHV,PA,SKU0101,L1,64104,CASE
2026-W18,LHV,PA,SKU0101,L1,58193,CASE
2026-W20,LHV,PA,SKU0101,L1,64355,CASE
2026-W22,LHV,PA,SKU0101,L1,54410,CASE
2026-W24,LHV,PA,SKU0101,L1,57311,CASE
2026-W26,LHV,PA,SKU0101,L1,53031,CASE
2026-W16,LHV,PA,SKU0102,L1,147871,CASE
2026-W18,LHV,PA,SKU0102,L1,127881,CASE
2026-W20,LHV,PA,SKU0102,L1,145478,CASE
2026-W22,LHV,PA,SKU0102,L1,149447,CASE
2026-W24,LHV,PA,SKU0102,L1,131243,CASE
2026-W26,LHV,PA,SKU0102,L1,114554,CASE
2026-W16,Sulphur,TX,SKU0103,S2,89204,CASE
2026-W18,Sulphur,TX,SKU0103,S2,84890,CASE
2026-W20,Sulphur,TX,SKU0103,S2,97504,CASE
2026-W22,Sulphur,TX,SKU0103,S2,93387,CASE
2026-W24,Sulphur,TX,SKU0103,S2,74616,CASE
2026-W26,Sulphur,TX,SKU0103,S2,70496,CASE
2026-W18,Sulphur,TX,SKU0104,S3,53571,CASE
2026-W22,Sulphur,TX,SKU0104,S3,56569,CASE
2026-W26,Sulphur,TX,SKU0104,S3,57918,CASE
2026-W15,Sulphur,TX,SKU0105,S3,72605,CASE
2026-W19,Sulphur,TX,SKU0105,S3,74453,CASE
2026-W23,Sulphur,TX,SKU0105,S3,76110,CASE
2026-W15,Henderson,NV,SKU0106,H2,66869,CASE
2026-W19,Henderson,NV,SKU0106,H2,84310,CASE
2026-W23,Henderson,NV,SKU0106,H2,88145,CASE
2026-W16,Henderson,NV,SKU0107,H3,112779,CASE
2026-W20,Henderson,NV,SKU0107,H3,110235,CASE
2026-W24,Henderson,NV,SKU0107,H3,126225,CASE
2026-W17,Henderson,NV,SKU0108,H2,70184,CASE
2026-W21,Henderson,NV,SKU0108,H2,71653,CASE
2026-W25,Henderson,NV,SKU0108,H2,76045,CASE
2026-W15,LHV,PA,SKU0109,L1,86874,CASE
2026-W17,LHV,PA,SKU0109,L1,72720,CASE
2026-W19,LHV,PA,SKU0109,L1,85013,CASE
2026-W21,LHV,PA,SKU0109,L1,81625,CASE
2026-W23,LHV,PA,SKU0109,L1,70538,CASE
2026-W25,LHV,PA,SKU0109,L1,77714,CASE
2026-W15,Henderson,NV,SKU0110,H3,120166,CASE
2026-W16,Henderson,NV,SKU0110,H3,123554,CASE
2026-W17,Henderson,NV,SKU0110,H3,131548,CASE
2026-W18,Henderson,NV,SKU0110,H3,128609,CASE
2026-W19,Henderson,NV,SKU0110,H3,105679,CASE
2026-W20,Henderson,NV,SKU0110,H3,112253,CASE
2026-W21,Henderson,NV,SKU0110,H3,150309,CASE
2026-W22,Henderson,NV,SKU0110,H3,135569,CASE
2026-W23,Henderson,NV,SKU0110,H3,116155,CASE
2026-W24,Henderson,NV,SKU0110,H3,114700,CASE
2026-W25,Henderson,NV,SKU0110,H3,96515,CASE
2026-W26,Henderson,NV,SKU0110,H3,110568,CASE
2026-W15,Sulphur,TX,SKU0111,S1,66789,CASE
2026-W16,Sulphur,TX,SKU0111,S1,69201,CASE
2026-W17,Sulphur,TX,SKU0111,S1,79531,CASE
2026-W18,Sulphur,TX,SKU0111,S1,60864,CASE
2026-W19,Sulphur,TX,SKU0111,S1,68014,CASE
2026-W20,Sulphur,TX,SKU0111,S1,64800,CASE
2026-W21,Sulphur,TX,SKU0111,S1,65722,CASE
2026-W22,Sulphur,TX,SKU0111,S1,72886,CASE
2026-W23,Sulphur,TX,SKU0111,S1,76078,CASE
2026-W24,Sulphur,TX,SKU0111,S1,71038,CASE
2026-W25,Sulphur,TX,SKU0111,S1,64685,CASE
2026-W26,Sulphur,TX,SKU0111,S1,66377,CASE
2026-W16,LHV,PA,SKU0112,L2,81173,CASE
2026-W18,LHV,PA,SKU0112,L2,69312,CASE
2026-W20,LHV,PA,SKU0112,L2,74033,CASE
2026-W22,LHV,PA,SKU0112,L2,71473,CASE
2026-W24,LHV,PA,SKU0112,L2,86928,CASE
2026-W26,LHV,PA,SKU0112,L2,64629,CASE
2026-W15,LHV,PA,SKU0113,L2,123080,CASE
2026-W16,LHV,PA,SKU0113,L2,107221,CASE
2026-W17,LHV,PA,SKU0113,L2,126993,CASE
2026-W18,LHV,PA,SKU0113,L2,132451,CASE
2026-W19,LHV,PA,SKU0113,L2,146578,CASE
2026-W20,LHV,PA,SKU0113,L2,121326,CASE
2026-W21,LHV,PA,SKU0113,L2,137150,CASE
2026-W22,LHV,PA,SKU0113,L2,113352,CASE
2026-W23,LHV,PA,SKU0113,L2,137559,CASE
2026-W24,LHV,PA,SKU0113,L2,113964,CASE
2026-W25,LHV,PA,SKU0113,L2,112737,CASE
2026-W26,LHV,PA,SKU0113,L2,112047,CASE
2026-W15,LHV,PA,SKU0114,L1,143498,CASE
2026-W16,LHV,PA,SKU0114,L1,155570,CASE
2026-W17,LHV,PA,SKU0114,L1,136051,CASE
2026-W18,LHV,PA,SKU0114,L1,149552,CASE
2026-W19,LHV,PA,SKU0114,L1,143250,CASE
2026-W20,LHV,PA,SKU0114,L1,140694,CASE
2026-W21,LHV,PA,SKU0114,L1,152837,CASE
2026-W22,LHV,PA,SKU0114,L1,130274,CASE
2026-W23,LHV,PA,SKU0114,L1,116661,CASE
2026-W24,LHV,PA,SKU0114,L1,112609,CASE
2026-W25,LHV,PA,SKU0114,L1,143640,CASE
2026-W26,LHV,PA,SKU0114,L1,156661,CASE
2026-W17,Sulphur,TX,SKU0115,S2,65509,CASE
2026-W21,Sulphur,TX,SKU0115,S2,61557,CASE
2026-W25,Sulphur,TX,SKU0115,S2,57632,CASE
2026-W15,Sulphur,TX,SKU0116,S3,93577,CASE
2026-W19,Sulphur,TX,SKU0116,S3,80551,CASE
2026-W23,Sulphur,TX,SKU0116,S3,88577,CASE
2026-W18,Sulphur,TX,SKU0117,S3,65340,CASE
2026-W22,Sulphur,TX,SKU0117,S3,62003,CASE
2026-W26,Sulphur,TX,SKU0117,S3,67246,CASE
2026-W15,LHV,PA,SKU0118,L1,72434,CASE
2026-W16,LHV,PA,SKU0118,L1,73782,CASE
2026-W17,LHV,PA,SKU0118,L1,69616,CASE
2026-W18,LHV,PA,SKU0118,L1,74811,CASE
2026-W19,LHV,PA,SKU0118,L1,69921,CASE
2026-W20,LHV,PA,SKU0118,L1,69399,CASE
2026-W21,LHV,PA,SKU0118,L1,75177,CASE
2026-W22,LHV,PA,SKU0118,L1,93342,CASE
2026-W23,LHV,PA,SKU0118,L1,69790,CASE
2026-W24,LHV,PA,SKU0118,L1,66033,CASE
2026-W25,LHV,PA,SKU0118,L1,71604,CASE
2026-W26,LHV,PA,SKU0118,L1,66246,CASE
2026-W18,LHV,PA,SKU0119,L2,94912,CASE
2026-W22,LHV,PA,SKU0119,L2,113085,CASE
2026-W26,LHV,PA,SKU0119,L2,99373,CASE
2026-W15,Henderson,NV,SKU0120,H2,76174,CASE
2026-W17,Henderson,NV,SKU0120,H2,81114,CASE
2026-W19,Henderson,NV,SKU0120,H2,87265,CASE
2026-W21,Henderson,NV,SKU0120,H2,87262,CASE
2026-W23,Henderson,NV,SKU0120,H2,86719,CASE
2026-W25,Henderson,NV,SKU0120,H2,79863,CASE
2026-W15,Henderson,NV,SKU0121,H3,65494,CASE
2026-W16,Henderson,NV,SKU0121,H3,67796,CASE
2026-W17,Henderson,NV,SKU0121,H3,75845,CASE
2026-W18,Henderson,NV,SKU0121,H3,80236,CASE
2026-W19,Henderson,NV,SKU0121,H3,64773,CASE
2026-W20,Henderson,NV,SKU0121,H3,73994,CASE
2026-W21,Henderson,NV,SKU0121,H3,72882,CASE
2026-W22,Henderson,NV,SKU0121,H3,73483,CASE
2026-W23,Henderson,NV,SKU0121,H3,66702,CASE
2026-W24,Henderson,NV,SKU0121,H3,84857,CASE
2026-W25,Henderson,NV,SKU0121,H3,72237,CASE
2026-W26,Henderson,NV,SKU0121,H3,68546,CASE
2026-W15,Sulphur,TX,SKU0122,S2,142024,CASE
2026-W16,Sulphur,TX,SKU0122,S2,140020,CASE
2026-W17,Sulphur,TX,SKU0122,S2,150347,CASE
2026-W18,Sulphur,TX,SKU0122,S2,149980,CASE
2026-W19,Sulphur,TX,SKU0122,S2,132751,CASE
2026-W20,Sulphur,TX,SKU0122,S2,152910,CASE
2026-W21,Sulphur,TX,SKU0122,S2,145091,CASE
2026-W22,Sulphur,TX,SKU0122,S2,141089,CASE
2026-W23,Sulphur,TX,SKU0122,S2,151601,CASE
2026-W24,Sulphur,TX,SKU0122,S2,125751,CASE
2026-W25,Sulphur,TX,SKU0122,S2,152157,CASE
2026-W26,Sulphur,TX,SKU0122,S2,137578,CASE
2026-W18,LHV,PA,SKU0123,L1,122563,CASE
2026-W22,LHV,PA,SKU0123,L1,118465,CASE
2026-W26,LHV,PA,SKU0123,L1,103455,CASE
2026-W16,Henderson,NV,SKU0124,H3,113806,CASE
2026-W18,Henderson,NV,SKU0124,H3,118846,CASE
2026-W20,Henderson,NV,SKU0124,H3,133002,CASE
2026-W22,Henderson,NV,SKU0124,H3,126046,CASE
2026-W24,Henderson,NV,SKU0124,H3,114087,CASE
2026-W26,Henderson,NV,SKU0124,H3,118562,CASE
2026-W17,Sulphur,TX,SKU0125,S3,55545,CASE
2026-W21,Sulphur,TX,SKU0125,S3,52822,CASE
2026-W25,Sulphur,TX,SKU0125,S3,55807,CASE
2026-W17,Sulphur,TX,SKU0126,S3,84081,CASE
2026-W21,Sulphur,TX,SKU0126,S3,90879,CASE
2026-W25,Sulphur,TX,SKU0126,S3,85487,CASE
2026-W15,Henderson,NV,SKU0127,H1,144945,CASE
2026-W16,Henderson,NV,SKU0127,H1,160394,CASE
2026-W17,Henderson,NV,SKU0127,H1,156013,CASE
2026-W18,Henderson,NV,SKU0127,H1,147287,CASE
2026-W19,Henderson,NV,SKU0127,H1,164646,CASE
2026-W20,Henderson,NV,SKU0127,H1,148357,CASE
2026-W21,Henderson,NV,SKU0127,H1,154215,CASE
2026-W22,Henderson,NV,SKU0127,H1,166662,CASE
2026-W23,Henderson,NV,SKU0127,H1,161079,CASE
2026-W24,Henderson,NV,SKU0127,H1,153670,CASE
2026-W25,Henderson,NV,SKU0127,H1,161497,CASE
2026-W26,Henderson,NV,SKU0127,H1,143005,CASE
2026-W15,Sulphur,TX,SKU0128,S2,84625,CASE
2026-W16,Sulphur,TX,SKU0128,S2,81700,CASE
2026-W17,Sulphur,TX,SKU0128,S2,81556,CASE
2026-W18,Sulphur,TX,SKU0128,S2,75860,CASE
2026-W19,Sulphur,TX,SKU0128,S2,87779,CASE
2026-W20,Sulphur,TX,SKU0128,S2,89184,CASE
2026-W21,Sulphur,TX,SKU0128,S2,77058,CASE
2026-W22,Sulphur,TX,SKU0128,S2,63737,CASE
2026-W23,Sulphur,TX,SKU0128,S2,67606,CASE
2026-W24,Sulphur,TX,SKU0128,S2,76383,CASE
2026-W25,Sulphur,TX,SKU0128,S2,77028,CASE
2026-W26,Sulphur,TX,SKU0128,S2,69482,CASE
2026-W16,LHV,PA,SKU0129,L1,103215,CASE
2026-W20,LHV,PA,SKU0129,L1,89438,CASE
2026-W24,LHV,PA,SKU0129,L1,89554,CASE
2026-W15,Sulphur,TX,SKU0130,S2,54524,CASE
2026-W16,Sulphur,TX,SKU0130,S2,59922,CASE
2026-W17,Sulphur,TX,SKU0130,S2,58743,CASE
2026-W18,Sulphur,TX,SKU0130,S2,62831,CASE
2026-W19,Sulphur,TX,SKU0130,S2,53413,CASE
2026-W20,Sulphur,TX,SKU0130,S2,65259,CASE
2026-W21,Sulphur,TX,SKU0130,S2,48493,CASE
2026-W22,Sulphur,TX,SKU0130,S2,52391,CASE
2026-W23,Sulphur,TX,SKU0130,S2,64628,CASE
2026-W24,Sulphur,TX,SKU0130,S2,63305,CASE
2026-W25,Sulphur,TX,SKU0130,S2,60819,CASE
2026-W26,Sulphur,TX,SKU0130,S2,56834,CASE
2026-W15,LHV,PA,SKU0131,L2,123116,CASE
2026-W16,LHV,PA,SKU0131,L2,141136,CASE
2026-W17,LHV,PA,SKU0131,L2,127060,CASE
2026-W18,LHV,PA,SKU0131,L2,150159,CASE
2026-W19,LHV,PA,SKU0131,L2,147928,CASE
2026-W20,LHV,PA,SKU0131,L2,129798,CASE
2026-W21,LHV,PA,SKU0131,L2,144975,CASE
2026-W22,LHV,PA,SKU0131,L2,164644,CASE
2026-W23,LHV,PA,SKU0131,L2,139119,CASE
2026-W24,LHV,PA,SKU0131,L2,134234,CASE
2026-W25,LHV,PA,SKU0131,L2,149083,CASE
2026-W26,LHV,PA,SKU0131,L2,113721,CASE
2026-W15,LHV,PA,SKU0132,L1,67019,CASE
2026-W16,LHV,PA,SKU0132,L1,66055,CASE
2026-W17,LHV,PA,SKU0132,L1,70592,CASE
2026-W18,LHV,PA,SKU0132,L1,64380,CASE
2026-W19,LHV,PA,SKU0132,L1,71453,CASE
2026-W20,LHV,PA,SKU0132,L1,76365,CASE
2026-W21,LHV,PA,SKU0132,L1,62549,CASE
2026-W22,LHV,PA,SKU0132,L1,55357,CASE
2026-W23,LHV,PA,SKU0132,L1,63334,CASE
2026-W24,LHV,PA,SKU0132,L1,60626,CASE
2026-W25,LHV,PA,SKU0132,L1,55928,CASE
2026-W26,LHV,PA,SKU0132,L1,65915,CASE
2026-W16,Henderson,NV,SKU0133,H2,94624,CASE
2026-W20,Henderson,NV,SKU0133,H2,96972,CASE
2026-W24,Henderson,NV,SKU0133,H2,114164,CASE
2026-W15,Henderson,NV,SKU0134,H1,96224,CASE
2026-W16,Henderson,NV,SKU0134,H1,102055,CASE
2026-W17,Henderson,NV,SKU0134,H1,100970,CASE
2026-W18,Henderson,NV,SKU0134,H1,105435,CASE
2026-W19,Henderson,NV,SKU0134,H1,114679,CASE
2026-W20,Henderson,NV,SKU0134,H1,105701,CASE
2026-W21,Henderson,NV,SKU0134,H1,87098,CASE
2026-W22,Henderson,NV,SKU0134,H1,95215,CASE
2026-W23,Henderson,NV,SKU0134,H1,92677,CASE
2026-W24,Henderson,NV,SKU0134,H1,105120,CASE
2026-W25,Henderson,NV,SKU0134,H1,100320,CASE
2026-W26,Henderson,NV,SKU0134,H1,103442,CASE
2026-W15,Henderson,NV,SKU0135,H2,139642,CASE
2026-W19,Henderson,NV,SKU0135,H2,131650,CASE
2026-W23,Henderson,NV,SKU0135,H2,140281,CASE
2026-W15,Sulphur,TX,SKU0136,S2,44853,CASE
2026-W16,Sulphur,TX,SKU0136,S2,50822,CASE
2026-W17,Sulphur,TX,SKU0136,S2,42930,CASE
2026-W18,Sulphur,TX,SKU0136,S2,49946,CASE
2026-W19,Sulphur,TX,SKU0136,S2,38219,CASE
2026-W20,Sulphur,TX,SKU0136,S2,41363,CASE
2026-W21,Sulphur,TX,SKU0136,S2,40064,CASE
2026-W22,Sulphur,TX,SKU0136,S2,48110,CASE
2026-W23,Sulphur,TX,SKU0136,S2,45816,CASE
2026-W24,Sulphur,TX,SKU0136,S2,35352,CASE
2026-W25,Sulphur,TX,SKU0136,S2,36311,CASE
2026-W26,Sulphur,TX,SKU0136,S2,45239,CASE
2026-W15,Henderson,NV,SKU0137,H2,61298,CASE
2026-W17,Henderson,NV,SKU0137,H2,74893,CASE
2026-W19,Henderson,NV,SKU0137,H2,63757,CASE
2026-W21,Henderson,NV,SKU0137,H2,67506,CASE
2026-W23,Henderson,NV,SKU0137,H2,60340,CASE
2026-W25,Henderson,NV,SKU0137,H2,63749,CASE
2026-W15,Henderson,NV,SKU0138,H1,120468,CASE
2026-W16,Henderson,NV,SKU0138,H1,111510,CASE
2026-W17,Henderson,NV,SKU0138,H1,127718,CASE
2026-W18,Henderson,NV,SKU0138,H1,135082,CASE
2026-W19,Henderson,NV,SKU0138,H1,114742,CASE
2026-W20,Henderson,NV,SKU0138,H1,147063,CASE
2026-W21,Henderson,NV,SKU0138,H1,103077,CASE
2026-W22,Henderson,NV,SKU0138,H1,139346,CASE
2026-W23,Henderson,NV,SKU0138,H1,140324,CASE
2026-W24,Henderson,NV,SKU0138,H1,110637,CASE
2026-W25,Henderson,NV,SKU0138,H1,107770,CASE
2026-W26,Henderson,NV,SKU0138,H1,133436,CASE
2026-W15,Sulphur,TX,SKU0139,S3,96512,CASE
2026-W19,Sulphur,TX,SKU0139,S3,86168,CASE
2026-W23,Sulphur,TX,SKU0139,S3,96294,CASE
2026-W15,Henderson,NV,SKU0140,H2,135804,CASE
2026-W16,Henderson,NV,SKU0140,H2,131591,CASE
2026-W17,Henderson,NV,SKU0140,H2,123196,CASE
2026-W18,Henderson,NV,SKU0140,H2,129083,CASE
2026-W19,Henderson,NV,SKU0140,H2,160376,CASE
2026-W20,Henderson,NV,SKU0140,H2,126427,CASE
2026-W21,Henderson,NV,SKU0140,H2,140713,CASE
2026-W22,Henderson,NV,SKU0140,H2,129125,CASE
2026-W23,Henderson,NV,SKU0140,H2,151768,CASE
2026-W24,Henderson,NV,SKU0140,H2,117713,CASE
2026-W25,Henderson,NV,SKU0140,H2,106627,CASE
2026-W26,Henderson,NV,SKU0140,H2,99670,CASE
2026-W17,Sulphur,TX,SKU0141,S2,103368,CASE
2026-W21,Sulphur,TX,SKU0141,S2,105676,CASE
2026-W25,Sulphur,TX,SKU0141,S2,92945,CASE
2026-W17,Sulphur,TX,SKU0142,S3,63404,CASE
2026-W21,Sulphur,TX,SKU0142,S3,91932,CASE
2026-W25,Sulphur,TX,SKU0142,S3,64710,CASE
2026-W15,LHV,PA,SKU0143,L3,126598,CASE
2026-W16,LHV,PA,SKU0143,L3,114342,CASE
2026-W17,LHV,PA,SKU0143,L3,133095,CASE
2026-W18,LHV,PA,SKU0143,L3,108613,CASE
2026-W19,LHV,PA,SKU0143,L3,117677,CASE
2026-W20,LHV,PA,SKU0143,L3,107656,CASE
2026-W21,LHV,PA,SKU0143,L3,129204,CASE
2026-W22,LHV,PA,SKU0143,L3,95412,CASE
2026-W23,LHV,PA,SKU0143,L3,94419,CASE
2026-W24,LHV,PA,SKU0143,L3,114126,CASE
2026-W25,LHV,PA,SKU0143,L3,130083,CASE
2026-W26,LHV,PA,SKU0143,L3,108388,CASE
2026-W15,LHV,PA,SKU0144,L3,78549,CASE
2026-W19,LHV,PA,SKU0144,L3,88748,CASE
2026-W23,LHV,PA,SKU0144,L3,83390,CASE
2026-W15,Henderson,NV,SKU0145,H3,141139,CASE
2026-W16,Henderson,NV,SKU0145,H3,146203,CASE
2026-W17,Henderson,NV,SKU0145,H3,143347,CASE
2026-W18,Henderson,NV,SKU0145,H3,129416,CASE
2026-W19,Henderson,NV,SKU0145,H3,159557,CASE
2026-W20,Henderson,NV,SKU0145,H3,138563,CASE
2026-W21,Henderson,NV,SKU0145,H3,144608,CASE
2026-W22,Henderson,NV,SKU0145,H3,137748,CASE
2026-W23,Henderson,NV,SKU0145,H3,130128,CASE
2026-W24,Henderson,NV,SKU0145,H3,178940,CASE
2026-W25,Henderson,NV,SKU0145,H3,166502,CASE
2026-W26,Henderson,NV,SKU0145,H3,153005,CASE
2026-W15,Sulphur,TX,SKU0146,S2,81498,CASE
2026-W17,Sulphur,TX,SKU0146,S2,79645,CASE
2026-W19,Sulphur,TX,SKU0146,S2,94684,CASE
2026-W21,Sulphur,TX,SKU0146,S2,85275,CASE
2026-W23,Sulphur,TX,SKU0146,S2,106913,CASE
2026-W25,Sulphur,TX,SKU0146,S2,75810,CASE
2026-W17,LHV,PA,SKU0147,L2,150655,CASE
2026-W21,LHV,PA,SKU0147,L2,122075,CASE
2026-W25,LHV,PA,SKU0147,L2,144807,CASE
2026-W18,LHV,PA,SKU0148,L3,110300,CASE
2026-W22,LHV,PA,SKU0148,L3,118931,CASE
2026-W26,LHV,PA,SKU0148,L3,105696,CASE
2026-W15,LHV,PA,SKU0149,L1,69811,CASE
2026-W19,LHV,PA,SKU0149,L1,81087,CASE
2026-W23,LHV,PA,SKU0149,L1,70296,CASE
2026-W18,LHV,PA,SKU0150,L2,74378,CASE
2026-W22,LHV,PA,SKU0150,L2,62189,CASE
2026-W26,LHV,PA,SKU0150,L2,63750,CASE
2026-W16,Henderson,NV,SKU0151,H1,79536,CASE
2026-W18,Henderson,NV,SKU0151,H1,76561,CASE
2026-W20,Henderson,NV,SKU0151,H1,74700,CASE
2026-W22,Henderson,NV,SKU0151,H1,72991,CASE
2026-W24,Henderson,NV,SKU0151,H1,60044,CASE
2026-W26,Henderson,NV,SKU0151,H1,70344,CASE
2026-W15,LHV,PA,SKU0152,L3,66167,CASE
2026-W17,LHV,PA,SKU0152,L3,64003,CASE
2026-W19,LHV,PA,SKU0152,L3,77638,CASE
2026-W21,LHV,PA,SKU0152,L3,68996,CASE
2026-W23,LHV,PA,SKU0152,L3,57462,CASE
2026-W25,LHV,PA,SKU0152,L3,68610,CASE
2026-W15,Henderson,NV,SKU0153,H3,57717,CASE
2026-W16,Henderson,NV,SKU0153,H3,63452,CASE
2026-W17,Henderson,NV,SKU0153,H3,73682,CASE
2026-W18,Henderson,NV,SKU0153,H3,60445,CASE
2026-W19,Henderson,NV,SKU0153,H3,55266,CASE
2026-W20,Henderson,NV,SKU0153,H3,62923,CASE
2026-W21,Henderson,NV,SKU0153,H3,74133,CASE
2026-W22,Henderson,NV,SKU0153,H3,63345,CASE
2026-W23,Henderson,NV,SKU0153,H3,55663,CASE
2026-W24,Henderson,NV,SKU0153,H3,58939,CASE
2026-W25,Henderson,NV,SKU0153,H3,68621,CASE
2026-W26,Henderson,NV,SKU0153,H3,69676,CASE
2026-W18,Sulphur,TX,SKU0154,S1,101851,CASE
2026-W22,Sulphur,TX,SKU0154,S1,80594,CASE
2026-W26,Sulphur,TX,SKU0154,S1,96139,CASE
2026-W16,Henderson,NV,SKU0155,H1,82210,CASE
2026-W20,Henderson,NV,SKU0155,H1,101137,CASE
2026-W24,Henderson,NV,SKU0155,H1,79742,CASE
2026-W16,LHV,PA,SKU0156,L1,47112,CASE
2026-W18,LHV,PA,SKU0156,L1,42348,CASE
2026-W20,LHV,PA,SKU0156,L1,54519,CASE
2026-W22,LHV,PA,SKU0156,L1,47288,CASE
2026-W24,LHV,PA,SKU0156,L1,46188,CASE
2026-W26,LHV,PA,SKU0156,L1,48474,CASE
2026-W15,Sulphur,TX,SKU0157,S2,66341,CASE
2026-W16,Sulphur,TX,SKU0157,S2,74976,CASE
2026-W17,Sulphur,TX,SKU0157,S2,66114,CASE
2026-W18,Sulphur,TX,SKU0157,S2,68450,CASE
2026-W19,Sulphur,TX,SKU0157,S2,73037,CASE
2026-W20,Sulphur,TX,SKU0157,S2,75372,CASE
2026-W21,Sulphur,TX,SKU0157,S2,60405,CASE
2026-W22,Sulphur,TX,SKU0157,S2,64956,CASE
2026-W23,Sulphur,TX,SKU0157,S2,76338,CASE
2026-W24,Sulphur,TX,SKU0157,S2,72785,CASE
2026-W25,Sulphur,TX,SKU0157,S2,60074,CASE
2026-W26,Sulphur,TX,SKU0157,S2,70226,CASE
2026-W16,Sulphur,TX,SKU0158,S2,124855,CASE
2026-W18,Sulphur,TX,SKU0158,S2,114858,CASE
2026-W20,Sulphur,TX,SKU0158,S2,112987,CASE
2026-W22,Sulphur,TX,SKU0158,S2,119448,CASE
2026-W24,Sulphur,TX,SKU0158,S2,127515,CASE
2026-W26,Sulphur,TX,SKU0158,S2,118630,CASE
2026-W16,Henderson,NV,SKU0159,H3,71385,CASE
2026-W18,Henderson,NV,SKU0159,H3,75358,CASE
2026-W20,Henderson,NV,SKU0159,H3,68488,CASE
2026-W22,Henderson,NV,SKU0159,H3,73169,CASE
2026-W24,Henderson,NV,SKU0159,H3,82787,CASE
2026-W26,Henderson,NV,SKU0159,H3,74539,CASE
2026-W15,Sulphur,TX,SKU0160,S1,62919,CASE
2026-W16,Sulphur,TX,SKU0160,S1,66258,CASE
2026-W17,Sulphur,TX,SKU0160,S1,71839,CASE
2026-W18,Sulphur,TX,SKU0160,S1,68018,CASE
2026-W19,Sulphur,TX,SKU0160,S1,69280,CASE
2026-W20,Sulphur,TX,SKU0160,S1,79191,CASE
2026-W21,Sulphur,TX,SKU0160,S1,76087,CASE
2026-W22,Sulphur,TX,SKU0160,S1,54551,CASE
2026-W23,Sulphur,TX,SKU0160,S1,62058,CASE
2026-W24,Sulphur,TX,SKU0160,S1,59454,CASE
2026-W25,Sulphur,TX,SKU0160,S1,66870,CASE
2026-W26,Sulphur,TX,SKU0160,S1,69447,CASE
2026-W15,Henderson,NV,SKU0161,H1,97902,CASE
2026-W19,Henderson,NV,SKU0161,H1,117541,CASE
2026-W23,Henderson,NV,SKU0161,H1,118240,CASE
2026-W18,Sulphur,TX,SKU0162,S1,92507,CASE
2026-W22,Sulphur,TX,SKU0162,S1,103864,CASE
2026-W26,Sulphur,TX,SKU0162,S1,99749,CASE
2026-W16,Henderson,NV,SKU0163,H3,109789,CASE
2026-W18,Henderson,NV,SKU0163,H3,113377,CASE
2026-W20,Henderson,NV,SKU0163,H3,98944,CASE
2026-W22,Henderson,NV,SKU0163,H3,93222,CASE
2026-W24,Henderson,NV,SKU0163,H3,100274,CASE
2026-W26,Henderson,NV,SKU0163,H3,96738,CASE
2026-W15,LHV,PA,SKU0164,L3,128626,CASE
2026-W17,LHV,PA,SKU0164,L3,108730,CASE
2026-W19,LHV,PA,SKU0164,L3,136313,CASE
2026-W21,LHV,PA,SKU0164,L3,104368,CASE
2026-W23,LHV,PA,SKU0164,L3,109639,CASE
2026-W25,LHV,PA,SKU0164,L3,108144,CASE
2026-W16,Henderson,NV,SKU0165,H2,78829,CASE
2026-W18,Henderson,NV,SKU0165,H2,75278,CASE
2026-W20,Henderson,NV,SKU0165,H2,58306,CASE
2026-W22,Henderson,NV,SKU0165,H2,68458,CASE
2026-W24,Henderson,NV,SKU0165,H2,72654,CASE
2026-W26,Henderson,NV,SKU0165,H2,64641,CASE
2026-W15,Henderson,NV,SKU0166,H2,116808,CASE
2026-W16,Henderson,NV,SKU0166,H2,98586,CASE
2026-W17,Henderson,NV,SKU0166,H2,91333,CASE
2026-W18,Henderson,NV,SKU0166,H2,111835,CASE
2026-W19,Henderson,NV,SKU0166,H2,111025,CASE
2026-W20,Henderson,NV,SKU0166,H2,82928,CASE
2026-W21,Henderson,NV,SKU0166,H2,104325,CASE
2026-W22,Henderson,NV,SKU0166,H2,109455,CASE
2026-W23,Henderson,NV,SKU0166,H2,83398,CASE
2026-W24,Henderson,NV,SKU0166,H2,105139,CASE
2026-W25,Henderson,NV,SKU0166,H2,114233,CASE
2026-W26,Henderson,NV,SKU0166,H2,94364,CASE
2026-W15,LHV,PA,SKU0167,L3,108053,CASE
2026-W16,LHV,PA,SKU0167,L3,112837,CASE
2026-W17,LHV,PA,SKU0167,L3,94753,CASE
2026-W18,LHV,PA,SKU0167,L3,120562,CASE
2026-W19,LHV,PA,SKU0167,L3,107516,CASE
2026-W20,LHV,PA,SKU0167,L3,120684,CASE
2026-W21,LHV,PA,SKU0167,L3,106340,CASE
2026-W22,LHV,PA,SKU0167,L3,94988,CASE
2026-W23,LHV,PA,SKU0167,L3,109348,CASE
2026-W24,LHV,PA,SKU0167,L3,83769,CASE
2026-W25,LHV,PA,SKU0167,L3,106148,CASE
2026-W26,LHV,PA,SKU0167,L3,110983,CASE
2026-W15,Henderson,NV,SKU0168,H1,50715,CASE
2026-W17,Henderson,NV,SKU0168,H1,39730,CASE
2026-W19,Henderson,NV,SKU0168,H1,47097,CASE
2026-W21,Henderson,NV,SKU0168,H1,45553,CASE
2026-W23,Henderson,NV,SKU0168,H1,44548,CASE
2026-W25,Henderson,NV,SKU0168,H1,41677,CASE
2026-W15,Henderson,NV,SKU0169,H1,111778,CASE
2026-W19,Henderson,NV,SKU0169,H1,100743,CASE
2026-W23,Henderson,NV,SKU0169,H1,109937,CASE
2026-W15,Sulphur,TX,SKU0170,S3,79759,CASE
2026-W19,Sulphur,TX,SKU0170,S3,76081,CASE
2026-W23,Sulphur,TX,SKU0170,S3,59842,CASE
2026-W15,Henderson,NV,SKU0171,H2,119217,CASE
2026-W16,Henderson,NV,SKU0171,H2,121513,CASE
2026-W17,Henderson,NV,SKU0171,H2,121700,CASE
2026-W18,Henderson,NV,SKU0171,H2,127356,CASE
2026-W19,Henderson,NV,SKU0171,H2,125041,CASE
2026-W20,Henderson,NV,SKU0171,H2,140859,CASE
2026-W21,Henderson,NV,SKU0171,H2,127949,CASE
2026-W22,Henderson,NV,SKU0171,H2,115534,CASE
2026-W23,Henderson,NV,SKU0171,H2,123863,CASE
2026-W24,Henderson,NV,SKU0171,H2,143357,CASE
2026-W25,Henderson,NV,SKU0171,H2,105953,CASE
2026-W26,Henderson,NV,SKU0171,H2,130466,CASE
2026-W15,Sulphur,TX,SKU0172,S3,58501,CASE
2026-W16,Sulphur,TX,SKU0172,S3,70021,CASE
2026-W17,Sulphur,TX,SKU0172,S3,57075,CASE
2026-W18,Sulphur,TX,SKU0172,S3,57625,CASE
2026-W19,Sulphur,TX,SKU0172,S3,57040,CASE
2026-W20,Sulphur,TX,SKU0172,S3,71577,CASE
2026-W21,Sulphur,TX,SKU0172,S3,63151,CASE
2026-W22,Sulphur,TX,SKU0172,S3,58409,CASE
2026-W23,Sulphur,TX,SKU0172,S3,57146,CASE
2026-W24,Sulphur,TX,SKU0172,S3,72442,CASE
2026-W25,Sulphur,TX,SKU0172,S3,68323,CASE
2026-W26,Sulphur,TX,SKU0172,S3,51942,CASE
2026-W18,LHV,PA,SKU0173,L3,89409,CASE
2026-W22,LHV,PA,SKU0173,L3,88334,CASE
2026-W26,LHV,PA,SKU0173,L3,78475,CASE
2026-W15,Sulphur,TX,SKU0174,S3,127679,CASE
2026-W16,Sulphur,TX,SKU0174,S3,141347,CASE
2026-W17,Sulphur,TX,SKU0174,S3,115274,CASE
2026-W18,Sulphur,TX,SKU0174,S3,120966,CASE
2026-W19,Sulphur,TX,SKU0174,S3,119842,CASE
2026-W20,Sulphur,TX,SKU0174,S3,131333,CASE
2026-W21,Sulphur,TX,SKU0174,S3,153480,CASE
2026-W22,Sulphur,TX,SKU0174,S3,152273,CASE
2026-W23,Sulphur,TX,SKU0174,S3,114334,CASE
2026-W24,Sulphur,TX,SKU0174,S3,146992,CASE
2026-W25,Sulphur,TX,SKU0174,S3,131385,CASE
2026-W26,Sulphur,TX,SKU0174,S3,117837,CASE
2026-W18,Sulphur,TX,SKU0175,S2,93651,CASE
2026-W22,Sulphur,TX,SKU0175,S2,101530,CASE
2026-W26,Sulphur,TX,SKU0175,S2,78231,CASE
2026-W16,LHV,PA,SKU0176,L2,160281,CASE
2026-W18,LHV,PA,SKU0176,L2,135575,CASE
2026-W20,LHV,PA,SKU0176,L2,152226,CASE
2026-W22,LHV,PA,SKU0176,L2,151937,CASE
2026-W24,LHV,PA,SKU0176,L2,166059,CASE
2026-W26,LHV,PA,SKU0176,L2,148520,CASE
2026-W15,Sulphur,TX,SKU0177,S2,132277,CASE
2026-W16,Sulphur,TX,SKU0177,S2,112956,CASE
2026-W17,Sulphur,TX,SKU0177,S2,117841,CASE
2026-W18,Sulphur,TX,SKU0177,S2,123248,CASE
2026-W19,Sulphur,TX,SKU0177,S2,116065,CASE
2026-W20,Sulphur,TX,SKU0177,S2,120950,CASE
2026-W21,Sulphur,TX,SKU0177,S2,114893,CASE
2026-W22,Sulphur,TX,SKU0177,S2,93199,CASE
2026-W23,Sulphur,TX,SKU0177,S2,139675,CASE
2026-W24,Sulphur,TX,SKU0177,S2,103088,CASE
2026-W25,Sulphur,TX,SKU0177,S2,102933,CASE
2026-W26,Sulphur,TX,SKU0177,S2,124490,CASE
2026-W15,LHV,PA,SKU0178,L3,47559,CASE
2026-W17,LHV,PA,SKU0178,L3,50932,CASE
2026-W19,LHV,PA,SKU0178,L3,61748,CASE
2026-W21,LHV,PA,SKU0178,L3,59689,CASE
2026-W23,LHV,PA,SKU0178,L3,56286,CASE
2026-W25,LHV,PA,SKU0178,L3,57638,CASE
2026-W15,Henderson,NV,SKU0179,H1,108069,CASE
2026-W16,Henderson,NV,SKU0179,H1,112796,CASE
2026-W17,Henderson,NV,SKU0179,H1,119053,CASE
2026-W18,Henderson,NV,SKU0179,H1,123663,CASE
2026-W19,Henderson,NV,SKU0179,H1,113617,CASE
2026-W20,Henderson,NV,SKU0179,H1,108661,CASE
2026-W21,Henderson,NV,SKU0179,H1,103909,CASE
2026-W22,Henderson,NV,SKU0179,H1,98457,CASE
2026-W23,Henderson,NV,SKU0179,H1,107712,CASE
2026-W24,Henderson,NV,SKU0179,H1,126004,CASE
2026-W25,Henderson,NV,SKU0179,H1,101503,CASE
2026-W26,Henderson,NV,SKU0179,H1,90127,CASE
2026-W15,Henderson,NV,SKU0180,H3,120831,CASE
2026-W16,Henderson,NV,SKU0180,H3,120617,CASE
2026-W17,Henderson,NV,SKU0180,H3,110578,CASE
2026-W18,Henderson,NV,SKU0180,H3,109588,CASE
2026-W19,Henderson,NV,SKU0180,H3,106740,CASE
2026-W20,Henderson,NV,SKU0180,H3,106011,CASE
2026-W21,Henderson,NV,SKU0180,H3,110927,CASE
2026-W22,Henderson,NV,SKU0180,H3,123518,CASE
2026-W23,Henderson,NV,SKU0180,H3,130638,CASE
2026-W24,Henderson,NV,SKU0180,H3,124578,CASE
2026-W25,Henderson,NV,SKU0180,H3,135560,CASE
2026-W26,Henderson,NV,SKU0180,H3,93614,CASE
2026-W15,Sulphur,TX,SKU0181,S1,167469,CASE
2026-W17,Sulphur,TX,SKU0181,S1,155949,CASE
2026-W19,Sulphur,TX,SKU0181,S1,130305,CASE
2026-W21,Sulphur,TX,SKU0181,S1,157017,CASE
2026-W23,Sulphur,TX,SKU0181,S1,156861,CASE
2026-W25,Sulphur,TX,SKU0181,S1,136942,CASE
2026-W16,Henderson,NV,SKU0182,H2,106739,CASE
2026-W18,Henderson,NV,SKU0182,H2,109771,CASE
2026-W20,Henderson,NV,SKU0182,H2,96525,CASE
2026-W22,Henderson,NV,SKU0182,H2,107034,CASE
2026-W24,Henderson,NV,SKU0182,H2,89432,CASE
2026-W26,Henderson,NV,SKU0182,H2,95256,CASE
2026-W15,LHV,PA,SKU0183,L1,84694,CASE
2026-W16,LHV,PA,SKU0183,L1,88458,CASE
2026-W17,LHV,PA,SKU0183,L1,80842,CASE
2026-W18,LHV,PA,SKU0183,L1,65488,CASE
2026-W19,LHV,PA,SKU0183,L1,82317,CASE
2026-W20,LHV,PA,SKU0183,L1,63751,CASE
2026-W21,LHV,PA,SKU0183,L1,69037,CASE
2026-W22,LHV,PA,SKU0183,L1,82435,CASE
2026-W23,LHV,PA,SKU0183,L1,74943,CASE
2026-W24,LHV,PA,SKU0183,L1,72781,CASE
2026-W25,LHV,PA,SKU0183,L1,73165,CASE
2026-W26,LHV,PA,SKU0183,L1,74048,CASE
2026-W16,Henderson,NV,SKU0184,H1,83149,CASE
2026-W18,Henderson,NV,SKU0184,H1,80282,CASE
2026-W20,Henderson,NV,SKU0184,H1,63776,CASE
2026-W22,Henderson,NV,SKU0184,H1,68174,CASE
2026-W24,Henderson,NV,SKU0184,H1,74936,CASE
2026-W26,Henderson,NV,SKU0184,H1,62043,CASE
2026-W17,LHV,PA,SKU0185,L3,129681,CASE
2026-W21,LHV,PA,SKU0185,L3,109984,CASE
2026-W25,LHV,PA,SKU0185,L3,132572,CASE
2026-W16,Henderson,NV,SKU0186,H2,121996,CASE
2026-W20,Henderson,NV,SKU0186,H2,98626,CASE
2026-W24,Henderson,NV,SKU0186,H2,137399,CASE
2026-W15,Sulphur,TX,SKU0187,S2,61479,CASE
2026-W17,Sulphur,TX,SKU0187,S2,69979,CASE
2026-W19,Sulphur,TX,SKU0187,S2,59513,CASE
2026-W21,Sulphur,TX,SKU0187,S2,60801,CASE
2026-W23,Sulphur,TX,SKU0187,S2,68301,CASE
2026-W25,Sulphur,TX,SKU0187,S2,59376,CASE
2026-W15,Henderson,NV,SKU0188,H1,127735,CASE
2026-W19,Henderson,NV,SKU0188,H1,148200,CASE
2026-W23,Henderson,NV,SKU0188,H1,142639,CASE
2026-W16,Henderson,NV,SKU0189,H2,129756,CASE
2026-W20,Henderson,NV,SKU0189,H2,109246,CASE
2026-W24,Henderson,NV,SKU0189,H2,115044,CASE
2026-W16,Henderson,NV,SKU0190,H3,127699,CASE
2026-W20,Henderson,NV,SKU0190,H3,120057,CASE
2026-W24,Henderson,NV,SKU0190,H3,118446,CASE
2026-W15,LHV,PA,SKU0191,L2,96340,CASE
2026-W16,LHV,PA,SKU0191,L2,102849,CASE
2026-W17,LHV,PA,SKU0191,L2,85682,CASE
2026-W18,LHV,PA,SKU0191,L2,87544,CASE
2026-W19,LHV,PA,SKU0191,L2,102546,CASE
2026-W20,LHV,PA,SKU0191,L2,82076,CASE
2026-W21,LHV,PA,SKU0191,L2,69731,CASE
2026-W22,LHV,PA,SKU0191,L2,82141,CASE
2026-W23,LHV,PA,SKU0191,L2,99484,CASE
2026-W24,LHV,PA,SKU0191,L2,83905,CASE
2026-W25,LHV,PA,SKU0191,L2,103840,CASE
2026-W26,LHV,PA,SKU0191,L2,90836,CASE
2026-W18,LHV,PA,SKU0192,L2,81841,CASE
2026-W22,LHV,PA,SKU0192,L2,93421,CASE
2026-W26,LHV,PA,SKU0192,L2,79260,CASE
2026-W15,Sulphur,TX,SKU0193,S2,135120,CASE
2026-W19,Sulphur,TX,SKU0193,S2,127373,CASE
2026-W23,Sulphur,TX,SKU0193,S2,123573,CASE
2026-W16,LHV,PA,SKU0194,L2,113268,CASE
2026-W18,LHV,PA,SKU0194,L2,102893,CASE
2026-W20,LHV,PA,SKU0194,L2,95850,CASE
2026-W22,LHV,PA,SKU0194,L2,117183,CASE
2026-W24,LHV,PA,SKU0194,L2,112849,CASE
2026-W26,LHV,PA,SKU0194,L2,117646,CASE
2026-W16,Henderson,NV,SKU0195,H1,56314,CASE
2026-W20,Henderson,NV,SKU0195,H1,63228,CASE
2026-W24,Henderson,NV,SKU0195,H1,63197,CASE
2026-W15,Henderson,NV,SKU0196,H3,143139,CASE
2026-W16,Henderson,NV,SKU0196,H3,147064,CASE
2026-W17,Henderson,NV,SKU0196,H3,158456,CASE
2026-W18,Henderson,NV,SKU0196,H3,157243,CASE
2026-W19,Henderson,NV,SKU0196,H3,138634,CASE
2026-W20,Henderson,NV,SKU0196,H3,150192,CASE
2026-W21,Henderson,NV,SKU0196,H3,130249,CASE
2026-W22,Henderson,NV,SKU0196,H3,135580,CASE
2026-W23,Henderson,NV,SKU0196,H3,149730,CASE
2026-W24,Henderson,NV,SKU0196,H3,136171,CASE
2026-W25,Henderson,NV,SKU0196,H3,170547,CASE
2026-W26,Henderson,NV,SKU0196,H3,147426,CASE
2026-W15,LHV,PA,SKU0197,L3,76507,CASE
2026-W16,LHV,PA,SKU0197,L3,75578,CASE
2026-W17,LHV,PA,SKU0197,L3,66340,CASE
2026-W18,LHV,PA,SKU0197,L3,82254,CASE
2026-W19,LHV,PA,SKU0197,L3,64619,CASE
2026-W20,LHV,PA,SKU0197,L3,80156,CASE
2026-W21,LHV,PA,SKU0197,L3,71865,CASE
2026-W22,LHV,PA,SKU0197,L3,71189,CASE
2026-W23,LHV,PA,SKU0197,L3,66190,CASE
2026-W24,LHV,PA,SKU0197,L3,68750,CASE
2026-W25,LHV,PA,SKU0197,L3,70952,CASE
2026-W26,LHV,PA,SKU0197,L3,69118,CASE
2026-W16,Henderson,NV,SKU0198,H2,164318,CASE
2026-W18,Henderson,NV,SKU0198,H2,189246,CASE
2026-W20,Henderson,NV,SKU0198,H2,156535,CASE
2026-W22,Henderson,NV,SKU0198,H2,145219,CASE
2026-W24,Henderson,NV,SKU0198,H2,187142,CASE
2026-W26,Henderson,NV,SKU0198,H2,204663,CASE
2026-W15,Sulphur,TX,SKU0199,S3,78497,CASE
2026-W16,Sulphur,TX,SKU0199,S3,74889,CASE
2026-W17,Sulphur,TX,SKU0199,S3,80405,CASE
2026-W18,Sulphur,TX,SKU0199,S3,83899,CASE
2026-W19,Sulphur,TX,SKU0199,S3,77034,CASE
2026-W20,Sulphur,TX,SKU0199,S3,81145,CASE
2026-W21,Sulphur,TX,SKU0199,S3,71475,CASE
2026-W22,Sulphur,TX,SKU0199,S3,70532,CASE
2026-W23,Sulphur,TX,SKU0199,S3,63335,CASE
2026-W24,Sulphur,TX,SKU0199,S3,83525,CASE
2026-W25,Sulphur,TX,SKU0199,S3,73136,CASE
2026-W26,Sulphur,TX,SKU0199,S3,75058,CASE
2026-W15,Sulphur,TX,SKU0200,S2,62244,CASE
2026-W16,Sulphur,TX,SKU0200,S2,52780,CASE
2026-W17,Sulphur,TX,SKU0200,S2,49868,CASE
2026-W18,Sulphur,TX,SKU0200,S2,54052,CASE
2026-W19,Sulphur,TX,SKU0200,S2,56251,CASE
2026-W20,Sulphur,TX,SKU0200,S2,58538,CASE
2026-W21,Sulphur,TX,SKU0200,S2,52578,CASE
2026-W22,Sulphur,TX,SKU0200,S2,53262,CASE
2026-W23,Sulphur,TX,SKU0200,S2,61585,CASE
2026-W24,Sulphur,TX,SKU0200,S2,58235,CASE
2026-W25,Sulphur,TX,SKU0200,S2,54810,CASE
2026-W26,Sulphur,TX,SKU0200,S2,61043,CASE
2026-W18,LHV,PA,SKU0201,L2,126596,CASE
2026-W22,LHV,PA,SKU0201,L2,131477,CASE
2026-W26,LHV,PA,SKU0201,L2,113818,CASE
2026-W17,LHV,PA,SKU0202,L1,102858,CASE
2026-W21,LHV,PA,SKU0202,L1,131650,CASE
2026-W25,LHV,PA,SKU0202,L1,105913,CASE
2026-W15,Sulphur,TX,SKU0203,S2,94629,CASE
2026-W16,Sulphur,TX,SKU0203,S2,110358,CASE
2026-W17,Sulphur,TX,SKU0203,S2,101686,CASE
2026-W18,Sulphur,TX,SKU0203,S2,117578,CASE
2026-W19,Sulphur,TX,SKU0203,S2,123837,CASE
2026-W20,Sulphur,TX,SKU0203,S2,99994,CASE
2026-W21,Sulphur,TX,SKU0203,S2,102431,CASE
2026-W22,Sulphur,TX,SKU0203,S2,106249,CASE
2026-W23,Sulphur,TX,SKU0203,S2,122385,CASE
2026-W24,Sulphur,TX,SKU0203,S2,117156,CASE
2026-W25,Sulphur,TX,SKU0203,S2,105054,CASE
2026-W26,Sulphur,TX,SKU0203,S2,91880,CASE
2026-W16,Sulphur,TX,SKU0204,S2,104247,CASE
2026-W18,Sulphur,TX,SKU0204,S2,117205,CASE
2026-W20,Sulphur,TX,SKU0204,S2,109181,CASE
2026-W22,Sulphur,TX,SKU0204,S2,113697,CASE
2026-W24,Sulphur,TX,SKU0204,S2,84293,CASE
2026-W26,Sulphur,TX,SKU0204,S2,100634,CASE
2026-W16,LHV,PA,SKU0205,L1,62451,CASE
2026-W18,LHV,PA,SKU0205,L1,68592,CASE
2026-W20,LHV,PA,SKU0205,L1,70807,CASE
2026-W22,LHV,PA,SKU0205,L1,74331,CASE
2026-W24,LHV,PA,SKU0205,L1,77239,CASE
2026-W26,LHV,PA,SKU0205,L1,70782,CASE
2026-W17,LHV,PA,SKU0206,L2,70227,CASE
2026-W21,LHV,PA,SKU0206,L2,74842,CASE
2026-W25,LHV,PA,SKU0206,L2,88474,CASE
2026-W15,LHV,PA,SKU0207,L3,63891,CASE
2026-W16,LHV,PA,SKU0207,L3,77423,CASE
2026-W17,LHV,PA,SKU0207,L3,79926,CASE
2026-W18,LHV,PA,SKU0207,L3,77689,CASE
2026-W19,LHV,PA,SKU0207,L3,78885,CASE
2026-W20,LHV,PA,SKU0207,L3,74083,CASE
2026-W21,LHV,PA,SKU0207,L3,85531,CASE
2026-W22,LHV,PA,SKU0207,L3,61844,CASE
2026-W23,LHV,PA,SKU0207,L3,68101,CASE
2026-W24,LHV,PA,SKU0207,L3,65937,CASE
2026-W25,LHV,PA,SKU0207,L3,67834,CASE
2026-W26,LHV,PA,SKU0207,L3,65017,CASE
2026-W15,Henderson,NV,SKU0208,H3,90077,CASE
2026-W19,Henderson,NV,SKU0208,H3,71840,CASE
2026-W23,Henderson,NV,SKU0208,H3,72695,CASE
2026-W16,LHV,PA,SKU0209,L3,124290,CASE
2026-W18,LHV,PA,SKU0209,L3,104018,CASE
2026-W20,LHV,PA,SKU0209,L3,123805,CASE
2026-W22,LHV,PA,SKU0209,L3,130692,CASE
2026-W24,LHV,PA,SKU0209,L3,113646,CASE
2026-W26,LHV,PA,SKU0209,L3,115245,CASE
2026-W15,LHV,PA,SKU0210,L2,79727,CASE
2026-W16,LHV,PA,SKU0210,L2,69005,CASE
2026-W17,LHV,PA,SKU0210,L2,79207,CASE
2026-W18,LHV,PA,SKU0210,L2,75160,CASE
2026-W19,LHV,PA,SKU0210,L2,81737,CASE
2026-W20,LHV,PA,SKU0210,L2,64436,CASE
2026-W21,LHV,PA,SKU0210,L2,72138,CASE
2026-W22,LHV,PA,SKU0210,L2,75883,CASE
2026-W23,LHV,PA,SKU0210,L2,72772,CASE
2026-W24,LHV,PA,SKU0210,L2,77737,CASE
2026-W25,LHV,PA,SKU0210,L2,62788,CASE
2026-W26,LHV,PA,SKU0210,L2,68038,CASE
2026-W18,Henderson,NV,SKU0211,H3,77914,CASE
2026-W22,Henderson,NV,SKU0211,H3,81386,CASE
2026-W26,Henderson,NV,SKU0211,H3,66154,CASE
2026-W15,Sulphur,TX,SKU0212,S3,108428,CASE
2026-W19,Sulphur,TX,SKU0212,S3,110752,CASE
2026-W23,Sulphur,TX,SKU0212,S3,132655,CASE
2026-W16,LHV,PA,SKU0213,L1,132465,CASE
2026-W18,LHV,PA,SKU0213,L1,130350,CASE
2026-W20,LHV,PA,SKU0213,L1,113748,CASE
2026-W22,LHV,PA,SKU0213,L1,113167,CASE
2026-W24,LHV,PA,SKU0213,L1,94934,CASE
2026-W26,LHV,PA,SKU0213,L1,103901,CASE
2026-W16,Henderson,NV,SKU0214,H1,126096,CASE
2026-W20,Henderson,NV,SKU0214,H1,120544,CASE
2026-W24,Henderson,NV,SKU0214,H1,116116,CASE
2026-W15,LHV,PA,SKU0215,L1,102606,CASE
2026-W17,LHV,PA,SKU0215,L1,102254,CASE
2026-W19,LHV,PA,SKU0215,L1,119116,CASE
2026-W21,LHV,PA,SKU0215,L1,107904,CASE
2026-W23,LHV,PA,SKU0215,L1,122864,CASE
2026-W25,LHV,PA,SKU0215,L1,120823,CASE
2026-W16,LHV,PA,SKU0216,L2,78091,CASE
2026-W18,LHV,PA,SKU0216,L2,93271,CASE
2026-W20,LHV,PA,SKU0216,L2,104866,CASE
2026-W22,LHV,PA,SKU0216,L2,88124,CASE
2026-W24,LHV,PA,SKU0216,L2,94011,CASE
2026-W26,LHV,PA,SKU0216,L2,109301,CASE
2026-W15,Henderson,NV,SKU0217,H3,103895,CASE
2026-W16,Henderson,NV,SKU0217,H3,107420,CASE
2026-W17,Henderson,NV,SKU0217,H3,113439,CASE
2026-W18,Henderson,NV,SKU0217,H3,115979,CASE
2026-W19,Henderson,NV,SKU0217,H3,95838,CASE
2026-W20,Henderson,NV,SKU0217,H3,129639,CASE
2026-W21,Henderson,NV,SKU0217,H3,119281,CASE
2026-W22,Henderson,NV,SKU0217,H3,113127,CASE
2026-W23,Henderson,NV,SKU0217,H3,110099,CASE
2026-W24,Henderson,NV,SKU0217,H3,97318,CASE
2026-W25,Henderson,NV,SKU0217,H3,122412,CASE
2026-W26,Henderson,NV,SKU0217,H3,110133,CASE
2026-W15,Sulphur,TX,SKU0218,S3,104693,CASE
2026-W16,Sulphur,TX,SKU0218,S3,110609,CASE
2026-W17,Sulphur,TX,SKU0218,S3,116648,CASE
2026-W18,Sulphur,TX,SKU0218,S3,116538,CASE
2026-W19,Sulphur,TX,SKU0218,S3,113063,CASE
2026-W20,Sulphur,TX,SKU0218,S3,98059,CASE
2026-W21,Sulphur,TX,SKU0218,S3,107973,CASE
2026-W22,Sulphur,TX,SKU0218,S3,117007,CASE
2026-W23,Sulphur,TX,SKU0218,S3,110924,CASE
2026-W24,Sulphur,TX,SKU0218,S3,128756,CASE
2026-W25,Sulphur,TX,SKU0218,S3,118240,CASE
2026-W26,Sulphur,TX,SKU0218,S3,120376,CASE
2026-W18,Henderson,NV,SKU0219,H3,144045,CASE
2026-W22,Henderson,NV,SKU0219,H3,151786,CASE
2026-W26,Henderson,NV,SKU0219,H3,149481,CASE
2026-W16,LHV,PA,SKU0220,L2,109044,CASE
2026-W18,LHV,PA,SKU0220,L2,122625,CASE
2026-W20,LHV,PA,SKU0220,L2,100449,CASE
2026-W22,LHV,PA,SKU0220,L2,113345,CASE
2026-W24,LHV,PA,SKU0220,L2,86534,CASE
2026-W26,LHV,PA,SKU0220,L2,96428,CASE
